date,fires,f_beef,f_coffee,f_soy,f_corn,f_sugar,beef,coffee,soy,corn,sugar,EXBZUS,temperature,precipitation
1998-06-01,4529.832067587846,-4.345001750700277,17.710888087300898,-59.581361120488395,-30.496597123426113,0.2618430804890082,-4.255748507366221,-12.665756822301688,-2.3224468262220057,-2.9537687260489065,0.4573574906512343,-0.0016854872472664706,-1.4385726372368597,-20.644492572304724
1998-07-01,27497.832067587842,-0.4250017507002824,-8.439111912699076,-70.83136112048828,-25.246597123426113,-1.248156919510989,-2.0226686009025907,6.787649497009967,-38.45027683841767,-16.35340279205893,-0.2891767900303828,0.0015145127527338431,-0.8907675585125006,-2.0844925723047543
1998-08-01,6438.832067587846,0.13499824929971282,-16.089111912699067,3.4186388795116045,20.75340287657386,-0.4581569195109889,-3.6125171223258685,-13.820934886671822,-14.223732569828796,-5.035658964238736,-1.6160484528378358,1.4512752734008316e-05,0.1570375202118548,14.745507427695275
1998-09-01,-18463.16793241216,4.9549982492997335,4.610888087300907,35.168638879511605,7.503402876573857,0.5418430804890111,-3.321289357433315,-5.554047691866416,4.959935663000408,9.655562089838213,0.12731030184470704,-0.0003854872472663917,0.4848425989362113,44.46550742769527
1998-10-01,-16681.167932412154,-1.4750017507002866,2.06088808730091,32.418638879511605,-0.7465971234261133,0.4818430804890097,-1.1331825077629532,6.232051297310847,6.286377917363013,-0.02675007599417256,0.5352765465422697,-0.004485487247266161,1.1426476776605696,54.05550742769525
1998-11-01,-2342.167932412158,-1.2950017507002798,5.21088808730093,-57.83136112048828,-10.246597123426113,-0.4081569195109891,-1.1782132053947976,0.24526231895593756,-8.971596338893846,-4.006070567784903,-0.0958998469189618,0.003214512752733878,0.6304527563849263,19.845507427695253
1998-12-01,-3353.1679324121537,-0.2950017507002798,-14.089111912699082,-34.081361120488395,-1.4965971234261417,-0.788156919510989,22.29998059343336,29.362087080860253,42.45106554166847,29.769580167688698,2.3154423447772103,0.2980145127527336,0.898257835109284,44.41550742769528
1999-01-01,216.8320675878458,2.9049982492997093,-1.43911191269909,-59.581361120488395,-10.996597123426142,-0.8081569195109912,37.254388908252714,26.79585128086073,45.68636600765564,32.10024463425917,0.6553418873004091,0.4053145127527338,0.6460629138336387,-26.584492572304754
1999-02-01,-603.1679324121577,0.8549982492997259,6.760888087300928,31.418638879511605,20.253402876573887,-0.4681569195109887,-5.306128398876211,-3.705781293053292,-17.946555800184484,-1.0720952914413149,-1.8562621186284929,-0.029185487247266106,0.663867992558,27.06550742769528
1999-03-01,63.83206758784581,0.15499824929972306,-6.139111912699093,-9.831361120488284,-13.746597123426113,-0.6081569195109893,-23.64542923220957,-27.558707336135157,-36.83207424651891,-26.35162792540781,-2.4626482767030407,-0.21198548724726615,0.5316730712823556,-63.05449257230475
1999-04-01,1107.8320675878422,-2.595001750700277,17.56088808730091,-17.331361120488395,4.503402876573858,-0.3781569195109888,-3.1330075655428544,10.326349909865812,-18.79462997872949,-6.536690630344638,0.2459698416199547,-0.02598548724726624,-0.22052184999328614,-21.604492572304736
1999-05-01,1834.8320675878454,-0.7450017507002826,-20.439111912699058,-15.831361120488395,-8.996597123426143,0.5618430804890089,3.6480164924282255,1.0921520245838965,5.949896030536735,5.279752722087308,0.7705351896718913,0.07281451275273376,-1.3227167712689294,-73.17449257230473
1999-06-01,5139.832067587842,0.22499824929971626,-10.5391119126991,-16.581361120488395,-2.7465971234261133,0.3418430804890118,2.805041800295683,-20.660892191867067,-20.535063510090765,-16.250925119711738,-1.1877538512371864,0.026614512752733962,-1.5249116925445738,-22.88449257230475
1999-07-01,30747.832067587846,2.384998249299713,-5.089111912699082,41.41863887951172,3.753402876573887,0.8018430804890109,16.5037887833748,-2.360678055503086,33.566047565163586,9.545999494158508,0.8896262100276182,0.07481451275273376,-1.447106613820214,-13.75449257230474
1999-08-01,-2564.1679324121537,1.1849982492997384,-4.03911191269907,10.168638879511603,-0.9965971234261416,0.13184308048901094,-5.403837944330873,-14.347178282775602,13.114280417978591,-0.18341223429281686,1.6678674511343523,0.00401451275273379,-0.9093015350958568,36.88550742769527
1999-09-01,-9883.167932412158,3.6949982492997147,17.51088808730091,-23.331361120488395,-9.996597123426143,-0.14815691951099108,-0.567086483291817,19.864044624150665,2.3405142280819007,0.5199035342084102,0.4136939085030669,0.061314512752733925,0.4685035436285006,31.435507427695235
1999-10-01,-18140.167932412154,-2.215001750700281,29.910888087300908,3.1686388795116045,-10.746597123426113,-1.1381569195109886,0.1680132082667427,32.28959594666138,-25.632725281099,-6.361298924158048,-0.9452650655228982,-0.04618548724726623,0.7263086223528568,57.26550742769528
1999-11-01,-4473.167932412158,-0.8950017507002883,-4.689111912699062,-17.081361120488285,9.753402876573887,0.3018430804890109,-8.944687148876213,7.679531175721878,-22.699384844533853,-6.795494944091273,-1.7429369512371924,-0.0959854872472663,0.3941137010772167,50.135507427695245
1999-12-01,-3584.1679324121537,0.30499824929972874,-15.039111912699099,43.66863887951161,15.50340287657383,-0.7381569195109909,-7.65808089887625,-27.445246260752803,6.801022537502406,4.297119622265555,-1.0780006012371943,-0.04728548724726611,0.6519187798015729,36.88550742769527
2000-01-01,-202.16793241215785,-0.6450017507002883,-11.439111912699074,-9.331361120488397,-4.746597123426113,-0.8081569195109886,-4.0829608988762365,-19.414603633425106,-1.203556014330161,-1.6254840699327389,-0.8703210012371941,-0.03798548724726625,0.4797238585259329,-5.824492572304763
2000-02-01,299.8320675878458,2.1749982492997333,3.560888087300924,41.66863887951161,19.503402876573887,1.211843080489011,-3.59736689887616,-11.726569384978946,-2.734088568251366,-5.7816705662023375,-0.8114809712371933,-0.04288548724726637,0.217528937250286,4.805507427695289
2000-03-01,-296.1679324121542,1.834998249299716,-8.639111912699093,-21.581361120488282,-13.496597123426113,-0.7781569195109892,-1.28256989887619,-10.158542310443307,10.562193945163584,0.5511453009617355,1.5201263687628082,0.01841451275273398,0.06533401597464561,-58.73449257230475
2000-04-01,1572.8320675878422,-6.7150017507002815,-2.5391119126990844,-11.581361120488395,0.003402876573886715,2.3518430804890094,3.7769941011238046,-2.5118911800090022,12.87223467863123,2.852014838562525,1.5458234400671529,0.0494145127527339,-0.16686090530099662,-61.30449257230472
2000-05-01,4190.832067587846,-0.5550017507002849,-8.389111912699079,-42.5813611204884,-38.24659712342617,0.9118430804890112,-9.790530671603463,-12.259287521906106,-34.269689323261446,-25.199875330179648,2.4794360756402885,-0.02668548724726616,-0.8290558265766386,-52.944492572304746
2000-06-01,-1520.1679324121578,-0.9950017507002826,1.3608880873009213,-34.081361120488395,-8.246597123426112,1.8618430804890116,-6.07662398329191,-1.920330341217209,-39.05872601061384,-19.82719690035751,2.039626116295267,-0.0204854872472664,-1.3512507478522835,-2.3244925723047634
2000-07-01,17477.832067587846,-0.7450017507002826,-12.189111912699088,46.16863887951172,3.2534028765738867,0.12184308048901114,-3.0419943460810965,-16.42872954646849,-6.586317662062186,-1.5427789246492694,1.6258385369615242,0.002114512752733777,-2.4234456691279256,-19.104492572304718
2000-08-01,1102.8320675878422,2.614998249299731,8.260888087300927,-6.831361120488396,4.00340287657383,-0.8281569195109917,-7.179757404052154,-6.228698482286433,22.80733171999248,8.643118563241387,-1.2488687751501963,0.021814512752733828,-0.6156405904035687,40.86550742769526
2000-09-01,4052.8320675878463,3.1749982492997186,-8.839111912699082,-33.331361120488395,7.2534028765738885,0.0918430804890118,0.7668944106475379,2.6289749206875825,-10.852965221047613,9.214528468051073,1.2442918533082334,0.032814512752733734,-0.1978355116792088,6.7155074276952424
2000-10-01,-18919.167932412154,-0.5750017507002809,-7.43911191269909,43.66863887951161,5.7534028765738885,-0.1881569195109893,15.863222282941976,-7.601193691866584,13.128460309377315,11.224120136142774,-1.2663512557826202,0.058214512752733816,1.2099695670451496,63.32550742769527
2000-11-01,-3920.1679324121583,7.804998249299714,-1.8891119126990787,-9.081361120488284,18.003402876573887,0.4118430804890085,-4.754971580694388,-11.98267551004858,14.380353633563006,12.938937930786464,0.331059598762808,0.0061145127527340035,0.5777746457695017,41.945507427695276
2000-12-01,-3904.1679324121537,-2.9150017507002843,-2.0391119126990844,-42.5813611204884,-15.746597123426113,-0.288156919510989,-4.314708853421607,-3.2324330495740132,-27.42516552785264,-7.1447905276021695,0.38885417257231225,-0.01588548724726624,0.6155797244938626,13.635507427695243
2001-01-01,526.8320675878422,4.584998249299731,-0.08911191269908869,-8.581361120488394,4.50340287657383,-0.7081569195109889,0.8739120556691518,4.257508211295345,-12.717196048517618,-1.8377749769067575,-1.1074438750466982,0.04111451275273348,0.4033848032182199,-20.74449257230475
2001-02-01,220.8320675878458,-4.275001750700284,-3.8391119126990745,-27.581361120488395,-11.496597123426113,-1.5681569195109883,12.144499101123829,2.469682580860706,3.0541619337454904,2.7144213692212986,-0.7262668512371935,0.08071451275273402,0.6411898819425765,28.675507427695266
2001-03-01,-172.1679324121542,-1.4950017507002826,1.310888087300917,3.168638879511718,-5.496597123426113,1.7118430804890092,3.822791601123797,2.7866881999084114,-2.0358219336432626,-1.3868706165822573,-0.8157891670266793,0.08911451275273398,0.5089949606669322,-64.84449257230474
2001-04-01,1022.8320675878423,-2.7250017507002724,-4.939111912699089,14.168638879511605,-7.99659712342617,-0.9881569195109884,9.076544328396624,12.603473809638984,22.308247314337507,0.33512882045835113,2.6679818736432206,0.09041451275273382,0.3668000393912898,-43.95449257230472
2001-05-01,6328.832067587846,-3.335001750700286,-1.2891119126990702,28.918638879511605,-4.246597123426113,1.0018430804890102,11.918930183374641,-10.033487362203488,23.775477930012304,0.08161111186575454,0.04567031110043729,0.0774145127527337,-0.6853948818843527,-31.144492572304763
2001-06-01,-1903.1679324121576,0.10499824929971167,-4.389111912699087,27.668638879511605,28.00340287657389,-1.6981569195109891,15.787066655236556,-8.38350841481045,51.18105784769682,23.93052929204575,0.10215974400092877,0.08551451275273393,-2.057589803159992,-31.024492572304734
2001-07-01,25363.832067587846,-0.3250017507002667,-1.68911191269909,-35.83136112048828,0.5034028765738867,-0.058156919510990335,9.247400346183085,1.0101394543785602,-7.994297737033435,6.193078325158496,-1.464734409208214,0.03031451275273378,-1.2897847244356375,-21.024492572304727
2001-08-01,8004.832067587842,-5.825001750700281,-2.4391119126990763,-30.831361120488395,-14.246597123426113,-1.248156919510989,28.30564649242802,4.63709919825186,-3.270200542602481,4.1947789933255715,-0.901530493266172,0.1557145127527335,-0.29197964571127955,33.615507427695235
2001-09-01,-8776.167932412154,-0.24500175070028266,-4.639111912699086,-25.331361120488395,-9.99659712342617,0.0018430804890110508,-6.718733942354647,-3.744418080008898,-26.5400821542965,-6.467366281956232,-1.2995856874690863,0.055314512752734135,0.3058254330130765,43.94550742769528
2001-10-01,-15385.167932412154,0.7549982492997174,-1.5391119126990844,13.418638879511605,6.0034028765738885,0.9018430804890089,-20.689305355397774,-6.817120794633325,-31.5216888407125,-10.105134654943301,0.2553323183280209,-0.20148548724726645,0.8336305117374359,37.90550742769528
2001-11-01,-9426.167932412158,0.7049982492997202,3.3608880873009284,-26.081361120488282,-4.496597123426113,-0.328156919510989,-30.401090065543627,-18.484760544680427,-41.19228520294581,-13.543722069868894,-1.2427211512371912,-0.19338548724726604,0.9714355904617946,53.36550742769525
2001-12-01,-4533.167932412154,5.334998249299716,-1.3391119126990887,6.6686388795116045,3.0034028765738303,-1.0481569195109888,-0.8590519594803538,2.59933201667846,-3.0759860987313914,-1.9983483072786044,-0.3185840655229164,0.007614512752733837,0.7892406691861495,51.89550742769529
2002-01-01,-70.16793241215782,-3.615001750700273,-0.5891119126990887,2.9186388795116045,-6.4965971234261115,-0.4281569195109887,6.075766828395331,2.4223111069475753,1.9408176780129336,-1.6211336917031645,-3.8402082685304264,0.03551451275273365,0.5570457479105073,-48.894492572304756
2002-02-01,122.8320675878458,-0.2050017507002764,12.21088808730093,37.91863887951161,0.5034028765738867,-0.09815691951099126,3.0746891011238238,4.662182547527408,1.7561185062612594,-11.918648568260009,-0.09534321965823622,-0.08798548724726585,0.5348508266348659,-5.9544925723047575
2002-03-01,18.83206758784217,-3.9650017507002815,-6.739111912699088,-16.581361120488285,-9.496597123426113,-0.288156919510989,-17.72744021705887,-0.7615159948969676,-3.057564182808335,-11.086531593770077,-2.0767739421462803,-0.031085487247266338,0.7626559053592246,-21.73449257230473
2002-04-01,2146.8320675878463,-6.465001750700289,0.9608880873009084,43.91863887951161,19.003402876573887,0.18184308048901165,-5.185542885041457,-1.8988902926571711,33.74097423320609,18.582216830273552,1.652386285126436,0.1438145127527335,0.4804609840835781,-38.92449257230473
2002-05-01,7042.832067587846,2.6749982492997195,-5.639111912699086,25.168638879511605,11.50340287657383,-0.0281569195109892,13.064594089682288,4.535958063469336,60.44075200872163,26.610774467017137,0.13762450330826506,0.230314512752734,-0.2317339371920646,-60.574492572304756
2002-06-01,7248.832067587842,1.3549982492997188,0.0608880873009241,28.418638879511605,22.503402876573887,-0.14815691951099108,27.150247083579842,4.905472663469312,106.3793994569387,37.66523068729268,2.5937859154294878,0.2182145127527335,-1.3539288584677074,-27.134492572304726
2002-07-01,54345.83206758785,-0.5250017507002696,4.460888087300916,-11.081361120488284,10.503402876573887,0.14184308048901162,9.486296525366155,0.5777916618883411,26.68015082455628,45.613372163684495,0.9482652548233936,0.15801451275273415,-1.196123779743349,-5.324492572304735
2002-08-01,21018.83206758784,2.434998249299724,2.7608880873009127,-15.831361120488395,-9.99659712342617,0.8718430804890103,9.971620010214792,32.27439152674822,45.8631966488059,37.9953270799021,3.087243976035541,0.2378145127527338,-0.07831870101899341,20.14550742769524
2002-09-01,-34146.16793241215,0.7549982492997174,11.21088808730093,16.918638879511605,-7.9965971234261115,0.7118430804890092,16.632691301123856,43.756806662641175,55.63999061362875,31.342036346399397,4.938357048762807,0.4330145127527341,0.1694863777053648,33.09550742769527
2002-10-01,-19330.167932412158,6.134998249299714,0.4108880873009042,10.918638879511605,-11.496597123426113,-0.06815691951098835,-40.19133309887627,-0.8337509771105545,-9.956462602263912,-28.675897413672715,-0.6501407722898165,-0.2129854872472665,1.657291456429725,31.325507427695285
2002-11-01,-22808.167932412158,0.3249982492997105,-6.63911191269908,-11.831361120488284,-2.7465971234261133,-0.31815691951098923,8.628529101123775,-22.400971161563433,-5.415856509796527,-4.880211079635559,0.8056544698154227,0.02561451275273363,1.0450965351540802,86.45550742769524
2002-12-01,-10380.167932412154,7.0049982492997325,4.860888087300921,-8.081361120488394,-0.4965971234261133,1.2718430804890115,-14.278120898876212,-8.385621488309198,-43.423129578533754,-26.966094802039464,-0.31768684647529355,-0.19808548724726596,1.0229016138784388,1.9555074276952664
2003-01-01,-3584.1679324121583,-3.725001750700272,-8.689111912699081,10.418638879511603,-7.99659712342617,0.22184308048900905,4.714954101123793,11.741978309121434,30.86475214667161,15.098370868479662,2.681736244000941,0.14921451275273356,0.9307066926027936,-7.024492572304722
2003-02-01,463.8320675878458,-3.56500175070029,1.56088808730091,-5.081361120488396,2.7534028765738867,-1.2581569195109896,-14.20995839887618,-27.601197859615674,-32.47317752137445,-20.913138871634658,-3.1155665179038614,-0.14758548724726595,0.8185117713271524,19.335507427695234
2003-03-01,107.83206758784218,3.0049982492997174,9.360888087300928,46.41863887951172,-6.7465971234261115,-0.4181569195109889,-36.06713339887625,-14.59044181957222,-42.865619299201285,-38.60548526244659,-4.745972779808653,-0.35648548724726625,0.4763168500515107,-60.50449257230474
2003-04-01,2818.8320675878463,2.7049982492997198,-10.139111912699086,-1.5813611204883955,10.75340287657383,-0.25815691951098874,-25.8288608988762,-8.304374600957345,-8.764230066476388,-11.681061099044598,-2.0857846845705232,-0.1660854872472659,0.19412192877586776,-43.104492572304736
2003-05-01,10317.832067587842,-9.025001750700284,0.3108880873009099,-5.831361120488396,-20.246597123426113,-0.7881569195109908,-11.046580898876217,-21.026549146412066,-27.74524468285136,-12.035583116749166,-2.41241020838006,-0.07178548724726652,-0.7780729924997765,-45.42449257230474
2003-06-01,13652.832067587846,5.384998249299726,4.310888087300931,-91.33136112048841,-12.746597123426113,0.8418430804890109,4.488979101123789,2.887912906947605,-52.1161650944515,-30.24241489062439,0.6985418890225681,-0.014185487247266202,-0.9302679137754168,-29.90449257230473
2003-07-01,26626.832067587842,5.254998249299717,-2.2391119126990877,59.91863887951161,28.75340287657389,-0.9581569195109888,37.29311660112378,8.231337540488058,3.1571623533487236,17.274507403043348,0.5403545037411526,0.11321451275273375,-1.6124628350510584,4.085507427695248
2003-08-01,40767.83206758785,5.404998249299723,1.2108880873009085,79.66863887951172,-13.996597123426113,-0.12815691951099062,6.403291601123782,-0.3418957503084528,45.41226862884861,-2.7752543386482387,-2.058805160761004,-0.09368548724726633,-1.0946577563267006,13.285507427695265
2003-09-01,-40249.167932412165,11.504998249299714,-4.489111912699073,114.41863887951159,22.75340287657383,-0.30815691951098945,-4.596825898876176,-12.188426808467169,87.9189540544267,-5.869038379247287,-1.0681631338458786,-0.06638548724726599,0.09314732239765178,23.37550742769527
2003-10-01,-22060.167932412158,0.004998249299717372,-1.1391119126990858,-40.5813611204884,-4.746597123426113,0.2818430804890113,38.11918410112378,-4.765905984356807,39.84475305682895,14.099863594301127,0.3778033202603837,0.043414512752733884,0.8309524011220122,42.07550742769526
2003-11-01,-12427.167932412154,-25.045001750700283,6.960888087300916,30.168638879511605,-0.9965971234261132,-0.6181569195109891,-17.50609589887614,6.006170146078175,7.588021381131455,9.828044029720333,0.3005415217786691,0.001714512752733821,0.7387574798463703,20.375507427695254
2003-12-01,-19083.16793241216,3.654998249299723,10.310888087300924,27.918638879511718,31.75340287657383,0.15184308048900966,-5.8909478988763055,13.426071652006867,24.61181900119857,1.3580762251463625,-1.5630983762998485,-0.08098548724726617,1.0665625585707268,107.18550742769527
2004-01-01,-1937.1679324121546,0.15499824929972306,-0.6891119126990901,120.41863887951159,20.503402876573887,0.13184308048901094,-16.538943898876198,15.867477044496894,64.78810925359971,26.33254478271286,-0.18506519334245294,0.07211451275273363,0.564367637295085,2.0355074276952507
2004-02-01,1009.8320675878458,2.2549982492997174,-1.5391119126990844,49.91863887951161,21.503402876573887,0.3318430804890111,-12.29387089887618,0.959535415643188,114.06494626614426,9.994663168587524,1.4379717105477177,-0.036285487247266435,0.18217271601944066,-26.524492572304727
2004-03-01,41.832067587842175,4.0549982492997145,-6.839111912699067,36.41863887951161,-6.2465971234261115,0.14184308048900895,11.202469101123766,-9.512394217558153,3.176006222960723,11.941220907578838,0.856218406526775,-0.00758548724726582,0.3899777947437997,-76.27449257230472
2004-04-01,3666.8320675878463,0.7049982492997202,18.160888087300908,-222.58136112048828,-21.496597123426113,0.44184308048901055,55.687001601123775,18.311877944496985,16.681459317423673,10.360551941589279,0.3842186844770943,0.18561451275273375,0.4277828734681571,-39.684492572304784
2004-05-01,11428.832067587842,-2.2450017507002684,-12.689111912699088,76.41863887951159,-38.24659712342617,0.14184308048901162,6.727091601123817,14.75778817176982,-82.58915411574469,-17.997580850188342,2.758288184477077,0.018214512752734,-1.024412047807484,-52.344492572304716
2004-06-01,12345.832067587846,-1.4950017507002826,-6.8891119126990645,-296.08136112048834,-37.996597123426106,1.0018430804890102,-2.8438008988762253,-31.766111464593877,-127.09489309893296,-70.97239258057488,1.0850676487628448,-0.09968548724726613,-1.6766069690831316,-4.824492572304735
2004-07-01,33724.83206758785,-2.025001750700284,2.6108880873009066,25.168638879511605,11.253402876573887,-0.3281569195109899,11.941084101123836,-9.098979282775874,-208.19096888882652,-7.721526255931394,-1.3704355460424118,-0.045385487247266536,-1.988801890358772,-21.99449257230475
2004-08-01,57341.83206758785,0.03499824929971851,12.810888087300912,-102.83136112048828,-22.49659712342617,0.4718430804890108,-13.75792089887625,9.428012444497114,-86.33918034842645,-32.59145795164625,1.2181902721394169,-0.1191854872472664,-0.8809968116344145,13.345507427695267
2004-09-01,-67089.16793241218,3.104998249299712,-8.189111912699063,-2.0813611204883955,-4.246597123426113,0.06184308048901066,-31.9413208988762,-5.201890274117631,-50.732017230126296,-18.839822177003327,0.2727706963818584,-0.048185487247266234,0.7368082670899447,55.89550742769526
2004-10-01,-8914.167932412154,-3.095001750700277,19.81088808730091,4.6686388795116045,-10.246597123426113,0.20184308048901126,-13.837558398876213,19.63395020856632,-11.275807186576571,-7.741655872408444,-1.6177609131419433,-0.07308548724726592,0.9746133458142978,25.45550742769525
2004-11-01,-16711.167932412154,4.604998249299727,9.06088808730091,10.418638879511603,8.253402876573888,0.16184308048900853,-15.8995333988762,29.500708023547677,-12.190307138276241,-4.485718069965287,-0.4903211226657831,-0.08148548724726634,0.9724184245386559,28.80550742769526
2004-12-01,-21568.16793241216,0.9049982492997232,1.3608880873009213,-35.58136112048828,-9.496597123426113,0.1418430804890125,-10.164670898876267,2.530141248563922,-18.41776425053263,-3.9731429579600217,-0.09453677980859963,-0.03428548724726621,0.8502235032630168,57.88550742769527
2005-01-01,-4145.167932412154,-4.025001750700284,13.560888087300926,98.16863887951159,17.25340287657383,-0.0881569195109897,-8.147808398876123,23.32166240228847,-18.565237058894922,-15.92771222405429,0.007636911920716471,-0.10118548724726573,0.978028581987374,-12.024492572304752
2005-02-01,-356.1679324121578,4.534998249299719,7.010888087300912,9.418638879511603,-2.7465971234261133,-0.5081569195109914,16.879841601123758,48.63411250477501,112.3669990082176,22.89488246445734,-0.35496511439510314,0.10021451275273384,0.8358336607117316,50.29550742769528
2005-03-01,228.8320675878458,1.674998249299719,-1.4891119126990733,-10.831361120488395,-8.496597123426112,-0.12815691951098884,-23.26634589887624,-33.32829875971987,-47.19621627249546,-24.83120134610249,-2.319703851237204,-0.13888548724726668,0.6336387394360871,-89.35449257230476
2005-04-01,2345.8320675878463,-4.1650017507002834,-7.039111912699099,58.41863887951172,16.25340287657383,0.11184308048901136,-9.292415898876186,-20.674350707019276,-21.53747136752645,-17.042456980404722,-1.2744626369514729,-0.12938548724726615,0.4614438181604434,-28.76449257230473
2005-05-01,2792.8320675878417,-7.465001750700267,-13.939111912699074,-31.081361120488395,-9.496597123426113,0.5418430804890111,-10.665065898876207,-24.97456719186616,36.424398494627674,-1.1296417294862806,0.7031813890225536,-0.0493854872472661,-0.3907511031151962,-75.16449257230471
2005-06-01,22397.832067587846,4.5249982492997125,-1.7391119126990733,17.418638879511605,25.00340287657389,0.4518430804890095,-2.9918358988762184,-34.288666191867435,-20.150771764580327,12.031871295935046,0.7234826942173491,-0.053385487247266106,-0.9429460243908389,-24.124492572304764
2005-07-01,60504.83206758785,-4.54500175070028,-5.639111912699093,-87.58136112048841,-32.746597123426106,0.20184308048901126,-10.296065898876236,-7.368158614791127,-61.95384219962239,-18.731925149707077,0.35522188789322584,-0.01808548724726622,-1.6851409456664856,-4.064492572304744
2005-08-01,11739.832067587837,5.624998249299722,-4.539111912699084,-16.081361120488285,0.2534028765738867,0.84184308048901,-10.249075898876184,-29.411007950759203,-62.944321105105296,-14.330365325911458,1.2833767191562158,-0.07478548724726597,-0.1473358669421252,22.185507427695285
2005-09-01,-37418.16793241215,-0.8650017507002872,2.9608880873009302,-11.081361120488395,-8.49659712342617,0.3418430804890118,-16.549615898876198,6.255449522419895,-16.152458608351537,3.3959301507510697,1.1505886963817424,-0.05008548724726625,-0.07953078821776671,42.90550742769524
2005-10-01,-33378.167932412165,-22.865001750700273,-3.8891119126990934,-9.331361120488397,-9.496597123426113,1.0618430804890089,-6.333920898876215,-0.9178998606980144,-15.090562616376415,-19.346606949890262,-0.27561200837995514,-0.05148548724726654,1.3882742905065903,34.95550742769525
2005-11-01,-17285.167932412154,26.324998249299725,13.860888087300909,41.41863887951161,22.253402876573887,2.211843080489011,1.1983791011237486,1.1218280354044623,22.149826472323696,19.30002283695504,5.448928591620053,0.061214512752733714,0.886079369230945,84.83550742769529
2005-12-01,-9787.167932412158,0.8549982492997117,10.860888087300935,-10.331361120488284,3.0034028765738303,3.3018430804890113,-8.919070898876212,37.631256535406244,-14.323440989238918,-3.9013215562270034,4.7118497059055615,-0.023085487247266112,0.34388444795530404,-27.284492572304767
2006-01-01,-2130.1679324121537,-3.645001750700274,-6.639111912699093,-16.581361120488395,8.753402876573888,-1.318156919510992,-12.849145898876202,-26.63512405095662,-27.80567919422856,-4.833162333944528,2.0695772382365547,-0.11668548724726603,0.931689526679662,25.21550742769529
2006-02-01,52.832067587842175,-10.895001750700288,-5.039111912699084,-11.331361120488395,7.5034028765738885,1.1218430804890112,-9.830050898876152,-14.733474969138738,-10.304069644111053,-7.5952401285413496,-2.4068961407109057,-0.014685487247266147,0.6894946054040183,33.435507427695285
2006-03-01,-143.1679324121542,-0.5450017507002798,-0.03911191269907022,13.168638879511605,0.7534028765738867,-0.8081569195109886,-4.345008398876217,-1.5125271691399576,-18.84937693706837,1.0109199339576378,0.17653791192073245,-0.0334854872472663,0.4972996841283788,-44.08449257230478
2006-04-01,2057.8320675878463,0.2549982492997316,-8.489111912699087,-10.331361120488284,12.503402876573887,-1.7081569195109871,1.5028466011237924,-9.86054301696609,21.54755251360547,7.686110902698374,-0.7044943871225193,0.03281451275273417,-0.20489523714726945,-73.24449257230472
2006-05-01,3301.8320675878417,4.604998249299713,0.3108880873009099,12.668638879511605,-17.49659712342617,0.29184308048900753,4.138014101123758,-8.12307198040449,9.901788564151444,3.836449220547905,-1.5906283966916703,0.0708145127527331,-1.5370901584229095,-69.94449257230474
2006-06-01,10200.832067587846,-1.075001750700281,-0.3891119126990787,-17.831361120488395,9.003402876573887,-0.9181569195109879,-2.3363183988762444,-4.522059748142766,-17.054090683681068,0.8916412720188305,-0.8007834330553436,-0.06978548724726608,-1.6292850796985512,-13.98449257230476
2006-07-01,36855.83206758784,6.254998249299718,4.410888087300918,-39.8313611204884,-8.996597123426113,-3.1481569195109884,-1.4284208988761409,8.771302318956003,-41.551491584661896,-4.370076864189143,-6.936200538193728,-0.04178548724726605,-1.351480000974192,-16.46449257230472
2006-08-01,21858.83206758785,0.1849982492997242,3.4108880873009184,2.668638879511718,26.25340287657383,-0.9881569195109899,-1.8064583988762308,-4.9925152524719465,-12.750373139577107,9.583711290828603,-1.4916046142806645,0.003814512752733812,-0.3836749222498384,25.26550742769527
2006-09-01,-44418.16793241216,-0.4950017507002826,0.3608880873009213,80.16863887951159,58.50340287657389,0.6618430804890103,-4.809620898876233,-2.9706260403518456,29.97822532133381,41.84132460654347,-2.209413728509944,-0.030885487247266138,0.11413015647451985,59.555507427695225
2006-10-01,-2727.1679324121537,-4.945001750700272,11.210888087300916,52.66863887951161,54.75340287657389,0.7818430804890095,5.4006541011237905,23.872428808134003,52.91857726586113,45.77241527573847,0.3809343760355581,0.0009145127527339092,1.0119352351988766,48.17550742769527
2006-11-01,-13874.167932412154,4.474998249299715,6.260888087300912,-4.581361120488396,7.0034028765738885,-0.6581569195109882,-4.082800898876201,9.840490474800276,-8.898494958191463,-11.259749499795644,-0.3801069512371917,-0.016685487247265932,0.5697403139232371,20.405507427695287
2006-12-01,-11180.167932412158,-0.4450017507002855,-8.78911191269907,33.41863887951172,16.253402876573887,-1.1881569195109911,-8.397865898876178,-11.385193672763592,18.930915980163487,5.189954771832049,-2.0232661512371948,-0.018785487247266808,0.9375453926475892,24.585507427695237
2007-01-01,-1445.1679324121542,3.984998249299722,-0.1891119126990901,51.16863887951161,18.753402876573826,0.6718430804890119,-10.060933398876244,-13.297910032182898,29.75913467411908,15.68790351337674,-1.3826767933424975,-0.05248548724726598,0.9253504713719494,20.285507427695283
2007-02-01,592.8320675878423,2.9049982492997093,-8.68911191269909,-14.581361120488395,-50.99659712342611,-1.4681569195109887,-3.628238398876192,-13.291123900958382,-9.293669955010612,-19.977721338720016,-0.6979871000409439,-0.014385487247266402,0.6031555500963073,-30.684492572304773
2007-03-01,-776.1679324121542,-0.5650017507002616,-6.339111912699067,-35.3313611204884,-18.996597123426113,-0.6781569195109896,-11.469990898876233,-13.926529118272526,-34.908544334895055,-46.962417192320004,-2.382471960328136,-0.06688548724726617,0.6109606288206635,-23.09449257230472
2007-04-01,2586.832067587842,-6.375001750700277,8.510888087300913,75.16863887951172,23.00340287657383,0.06184308048900888,-10.482470898876187,-10.33203158166566,7.333663561795902,5.089207254435281,-1.6652122421462714,-0.055385487247265885,0.3487657075450237,-63.374492572304746
2007-05-01,7606.832067587846,-5.8950017507002865,-1.1391119126990932,41.16863887951161,-52.49659712342611,-0.30815691951098856,-4.411195898876201,3.5082505529101127,17.905403178408847,-2.408931195956427,-0.34087711747097416,-0.06008548724726625,-1.1434292137306237,-58.714492572304756
2007-06-01,7228.832067587846,9.134998249299713,3.060888087300924,-18.581361120488395,1.2534028765738867,1.2218430804890108,-11.920245898876233,-11.560213711346307,-0.9293866627764372,-43.68411371533807,0.5106152201913652,-0.05988548724726605,-1.3656241350062643,-0.5244925723047231
2007-07-01,71167.83206758785,-1.0250017507002838,-1.8891119126990787,31.418638879511605,-3.2465971234261133,-0.8881569195109886,8.242254101123791,18.056387531452373,11.075482707846732,16.686655708245155,0.033789238824930116,0.0720145127527334,-1.707819056281906,-16.274492572304727
2007-08-01,50148.83206758785,2.6049982492997263,15.760888087300911,120.66863887951172,48.25340287657389,0.04184308048900931,-10.371370898876222,-0.3189329560950114,49.41174114687294,5.5911942932800685,-0.33231823453237297,-0.068485487247266,-0.870013977557548,5.565507427695223
2007-09-01,-73978.16793241218,-2.3950017507002737,-7.539111912699084,16.168638879511605,2.50340287657383,0.3818430804890109,-19.54015839887617,-4.302239882183528,-21.990963581352617,-12.1060609073229,-0.9732262940289722,-0.11238548724726627,0.7177911011668066,56.755507427695285
2007-10-01,-35793.16793241215,-1.1950017507002857,4.360888087300921,67.4186388795116,7.7534028765738885,-0.2681569195109894,-3.548454398876231,-12.278850369730804,37.20791802575253,4.456936499687743,-0.7035574294980549,-0.04058548724726618,1.2155961798911648,43.74550742769526
2007-11-01,-19087.16793241216,2.154998249299723,10.0108880873009,116.41863887951159,64.25340287657389,1.0318430804890095,2.420400101123789,12.615818015924615,62.4490227291734,16.808203988970035,0.952336196131256,0.00951451275273385,0.7834012586155232,43.555507427695254
2007-12-01,-9529.167932412154,-5.595001750700277,1.710888087300944,72.91863887951172,45.50340287657383,1.5018430804890102,-1.4823708988762119,-1.0823454905679741,56.93009668049877,41.281708470925935,1.7890693680610037,-0.022985487247266127,0.6412063373398809,62.005507427695285
2008-01-01,-1012.1679324121542,1.8249982492997103,26.210888087300898,244.9186388795116,42.253402876573894,1.8718430804890112,2.9091791011237547,22.053669747527977,55.523840263111204,11.954402335500104,2.6671664820961603,-0.05078548724726595,0.1390114160642355,-28.65449257230475
2008-02-01,149.83206758784218,-5.795001750700281,-37.43911191269908,-327.33136112048834,24.50340287657389,-2.618156919510989,-41.46054589887615,-19.20986977628283,-37.053360201063924,16.624864941363338,-1.7326133512371875,-0.028785487247266595,0.14681649478859524,40.37550742769525
2008-03-01,32.832067587845806,3.984998249299736,6.910888087300933,101.91863887951159,29.25340287657389,-1.07815691951099,-10.414220898876238,-20.02179572866365,-38.48848644973941,13.440507876543222,-1.1000478512371499,-0.0314854872472663,-0.05537842648704583,-68.91449257230474
2008-04-01,1058.8320675878422,4.634998249299713,-0.8891119126990931,59.16863887951172,-0.7465971234261133,-0.6681569195109898,28.0145291011238,-3.9647810100481986,-8.460291647888312,-14.706977973456675,-3.1929567321896286,-0.036585487247265965,-0.3175733477626892,-70.72449257230474
2008-05-01,1656.8320675878458,3.824998249299711,16.76088808730091,238.9186388795116,124.25340287657384,1.9818430804890104,0.5148041011237581,-1.398133256800833,77.20633896977358,57.96127932141656,1.1738617440009131,-0.04938548724726632,-1.4997682690383307,-53.394492572304756
2008-06-01,9448.832067587842,-2.4450017507002717,-11.789111912699086,-211.8313611204884,-131.24659712342608,1.851843080489012,-1.0655958988762109,-4.431830621003172,-18.23114308770585,-42.48831721567842,1.268753298113495,-0.03668548724726595,-2.1419631903139766,-22.994492572304722
2008-07-01,20415.83206758785,3.134998249299713,2.3108880873009237,-66.3313611204884,-23.496597123426113,-1.2081569195109907,4.033304101123832,-0.4270485982285095,-126.89082574699694,-48.20549180438451,0.8525691422692958,0.01391451275273381,-1.4941581115896163,-4.514492572304731
2008-08-01,16253.832067587846,-3.125001750700278,-11.689111912699106,-289.58136112048834,-79.49659712342617,-0.4381569195109893,11.782744101123766,19.90983170856677,16.25910667064852,39.893411907405145,3.0050964106675444,0.18161451275273374,-0.27635303286525925,19.275507427695246
2008-09-01,1126.8320675878422,-5.395001750700273,-17.689111912699058,-122.33136112048841,-88.24659712342611,-0.3781569195109888,16.475564101124547,8.940577436591466,-48.027166954768745,-25.34271021097084,0.030936334063049745,0.3691145127527336,0.031452045859097666,41.72550742769526
2008-10-01,-21046.167932412154,-6.615001750700286,0.8608880873009069,-44.831361120488395,-54.49659712342611,-0.15815691951098998,5.2642041011230285,4.9127453069478975,2.8978987791202826,-28.832418476558303,1.1216215023097185,0.08061451275273379,1.1692571245834529,44.18550742769529
2008-11-01,-16282.167932412158,-3.1550017507002788,-2.2891119126990844,86.66863887951159,51.00340287657389,-0.12815691951098884,2.3747041011237684,5.5507220721638655,10.932229370421283,4.923565703354257,0.049496490868026655,0.11621451275273388,0.7770622033078105,68.30550742769523
2008-12-01,-10540.167932412154,-2.715001750700281,6.610888087300936,5.1686388795116045,-28.496597123426113,0.8218430804890104,-6.116708398876143,8.137554416830767,72.56118811220188,16.60305101382818,0.930815248762812,-0.09628548724726604,0.3948672820321697,13.465507427695258
2009-01-01,-2464.167932412158,0.2849982492997185,-9.68911191269909,-108.08136112048828,-32.24659712342617,0.7618430804890117,-17.555258398876248,3.5450428535873466,-54.44242834269653,-23.06197379954915,2.4549085750785977,0.006314512752733759,0.21267236075652815,3.3955074276952644
2009-02-01,619.8320675878458,1.1449982492997322,6.06088808730091,74.91863887951159,54.75340287657389,-0.8381569195109915,8.402816601123817,-5.394429419139272,-25.47282768064815,-1.0934999761157655,-1.1922429684621214,-0.01568548724726604,0.27047743948088154,13.74550742769526
2009-03-01,301.8320675878458,3.384998249299713,-0.9891119126990732,115.41863887951159,-12.246597123426113,1.3418430804890118,-8.877433398876262,-2.4025378282298675,46.5684374229105,-12.062370800617314,-0.4848261650899843,-0.12218548724726652,0.3582825182052396,-36.09449257230474
2009-04-01,861.8320675878423,-6.4650017507002815,22.160888087300922,111.41863887951159,41.75340287657383,1.4918430804890104,-9.988955898876213,11.542898942332215,43.48938316974977,-1.9517307230481151,2.117102953524721,-0.14258548724726605,-0.15391240307040022,-67.37449257230476
2009-05-01,670.8320675878458,0.9549982492997202,-20.339111912699092,39.66863887951172,-92.74659712342613,1.1918430804890097,-11.26396089887615,-20.265985053338,-7.505306447649445,-23.87882742277884,0.2567837942173732,-0.11908548724726642,-0.9261073243460416,-51.39449257230473
2009-06-01,4042.8320675878417,1.924998249299719,10.310888087300924,-94.83136112048841,-5.9965971234261115,1.76184308048901,-2.5443708988762244,-23.308537476451363,-107.84670835918665,-60.65340434113529,1.735865557853792,-0.03458548724726596,-2.188302245621685,-30.20449257230473
2009-07-01,13971.832067587846,-2.275001750700284,-7.189111912699076,-36.5813611204884,-20.746597123426113,5.741843080489013,-13.867545898876214,1.754247677133549,-20.260705574644362,-15.539211542309944,5.456106194217257,-0.09628548724726628,-1.5404971668973315,-12.634492572304767
2009-08-01,14347.832067587842,2.684998249299724,6.660888087300904,-175.5813611204884,26.00340287657389,-0.30815691951098856,-6.088608398876232,-8.534582776282662,-125.31193559665121,-9.361712749230833,2.360012791620015,-0.03538548724726609,-0.5126920881729724,18.81550742769528
2009-09-01,-4887.167932412154,-4.195001750700272,7.46088808730093,-11.581361120488284,21.50340287657383,-1.998156919510992,-19.358783398876227,-3.7535183736843014,-23.62065925655304,14.122292832060339,-2.613269675912555,-0.0896854872472661,0.4951129905513874,62.705507427695274
2009-10-01,-1805.1679324121546,1.3049982492997143,6.010888087300912,137.2986388795117,37.253402876573894,-0.12815691951098884,3.427554101123832,-8.052722178880401,17.969306986365382,3.0789514435824685,-1.1427029694190338,-0.019785487247266698,0.8429180692757434,-11.794492572304762
2009-11-01,-17108.167932412158,2.5549982492997145,-6.039111912699099,-11.211361120488503,5.7534028765738885,4.84184308048901,3.4840541011237747,11.417075751667936,18.45635926032969,-10.95698744728236,4.07100135785376,0.015214512752733887,1.4407231480000997,89.74550742769527
2009-12-01,-8577.167932412154,-0.4450017507002855,-4.489111912699073,-136.33136112048842,-57.49659712342617,2.9118430804890103,13.1559416011238,3.874606267196043,-29.990329125328454,7.2455171059513654,-4.782271891907165,0.022114512752734017,0.628528226724459,15.28550742769528
2010-01-01,-761.1679324121577,4.254998249299717,-2.8891119126990645,44.54863887951171,20.253402876573887,-5.80815691951099,19.560866601123763,5.820709938004029,-10.189527444468581,-2.6015224780718427,1.245429332973501,0.05151451275273367,0.8363333054488145,-28.684492572304748
2010-02-01,-31.167932412154194,6.0049982492997325,6.860888087300907,-24.831361120488395,-33.496597123426106,-7.578156919510987,7.4535041011237695,0.6736579069473123,-17.29986256845166,-17.15934210091433,-8.293461925608021,-0.0652854872472659,1.2341383841731748,20.435507427695253
2010-03-01,-168.16793241215782,3.124998249299722,-1.18911191269909,56.788638879511616,17.753402876573887,-1.578156919510988,14.840704101123832,1.5900687093186434,-0.23319356595300175,-10.171746116712654,-2.949304972355161,-0.0374854872472663,0.9419434628975268,-20.804492572304724
2010-04-01,1528.8320675878458,-9.635001750700283,-1.189111912699076,-61.45136112048839,-7.2465971234261115,-0.8981569195109902,-6.260295898876223,14.668495816792927,-0.5344379486288062,17.172263651317337,-2.472516208380071,0.04861451275273399,0.1297485416218862,-75.21449257230475
2010-05-01,5711.832067587846,0.4749982492997162,29.710888087300898,-9.081361120488284,-7.24659712342617,3.8018430804890113,-27.94941256554205,27.627317526747674,-9.943850992324087,-23.027653345886225,1.7937846487628055,-0.018785487247266586,-0.722446379653757,-53.234492572304724
2010-06-01,11149.832067587842,1.1549982492997228,11.86088808730095,76.91863887951159,43.00340287657389,1.5018430804890102,-7.1017905958461265,12.76300380813251,21.94628518359866,11.45377245148336,1.6721966487628066,-0.044085487247266235,-1.4146413009293966,-8.894492572304742
2010-07-01,69427.83206758785,4.354998249299726,0.26088808730091273,-5.831361120488396,31.50340287657389,0.14184308048901073,8.040765464759545,10.426972717224883,5.733243913648836,16.209641823924244,1.2189106487628578,-0.01878548724726614,-1.4968362222050402,-27.944492572304753
2010-08-01,18599.83206758785,-0.7950017507002798,6.010888087300912,89.41863887951172,68.00340287657383,5.51184308048901,-9.254795898876182,8.181518444497442,-2.5026547884265256,42.076975068123545,6.013121553524648,-0.04968548724726585,-0.9190311434806836,21.205507427695263
2010-09-01,-70175.16793241215,1.9049982492997088,20.160888087300908,136.41863887951172,85.75340287657389,3.7818430804890113,-4.459970898876236,-18.793198806584943,43.335421095898475,40.52880035723245,6.207865839238963,-0.04308548724726635,0.8687739352436736,61.035507427695286
2010-10-01,-14775.167932412158,3.984998249299722,-2.7391119126990877,1.6686388795116045,-51.99659712342611,-1.6081569195109893,4.530029101123773,31.65445169557813,63.23916581534878,8.577774449325263,-0.3155586845704548,0.02061451275273396,0.8765790139680334,37.35550742769525
2010-11-01,-14277.167932412154,4.574998249299725,39.31088808730093,155.41863887951158,91.50340287657387,4.5318430804890095,22.250901323346454,20.627424555168886,26.764841276507354,14.11999547520469,2.0712592504944,-0.026385487247266196,0.5243840926923902,50.42550742769527
2010-12-01,-7859.167932412154,0.8049982492997145,4.060888087300924,4.4186388795116045,32.503402876573894,1.8118430804890089,14.442919378901136,16.46945708707193,30.153231639539854,16.59273672915384,2.039796390389654,-0.02978548724726648,0.6821891714167451,47.17550742769527
2011-01-01,-747.1679324121577,1.0549982492997287,26.660888087300908,-47.58136112048828,60.00340287657383,-1.4981569195109898,-7.6872683988762,36.62083090943253,-8.04467003945706,42.00356089652172,-1.1694818249214407,-0.016885487247266132,0.2799942501411046,-7.274492572304751
2011-02-01,151.8320675878458,11.054998249299716,-7.789111912699099,48.16863887951161,-30.996597123426113,-5.438156919510988,1.9459184489501808,1.2278210286870035,-32.156668191452354,-10.242166405757985,-6.120568982816174,-0.017785487247266252,0.17779932886546135,21.485507427695236
2011-03-01,365.8320675878422,-4.745001750700283,34.96088808730096,-24.331361120488395,54.50340287657389,-3.768156919510989,-8.563450246702587,-10.601110981251225,-38.11956756034226,20.91700455475637,-5.292224451237196,-0.08288548724726619,-0.07439559241018047,-69.29449257230472
2011-04-01,1021.8320675878458,-13.545001750700278,-34.98911191269906,-15.081361120488395,-39.99659712342617,-0.23815691951099005,-11.508682262513275,-8.355586295763032,5.3479742774461565,-9.751038483891534,-2.814243489332398,0.02151451275273386,-0.1565905136858241,-58.50449257230474
2011-05-01,3015.8320675878463,8.754998249299717,0.5108880873008843,-81.21136112048839,-70.49659712342611,5.141843080489012,-17.32560044433069,-35.983294555502994,-17.951421372084837,-8.284702672492982,4.061629250494455,-0.036985487247266136,-1.0887854349614692,-67.95449257230472
2011-06-01,4154.832067587842,-0.3750017507002781,-26.039111912699084,46.41863887951161,19.753402876573887,1.4118430804890103,-8.042278799308123,-19.445328049008708,-13.718744490292922,-24.96645075254571,6.321878785126373,-0.03168548724726605,-1.6709803562371093,-9.18449257230476
2011-07-01,14126.832067587846,0.13499824929972706,49.31088808730094,99.79863887951171,97.75340287657387,-0.16815691951098974,7.971117041082777,10.727639111916345,10.984461545129307,22.693755458075945,-0.15883811210669307,0.02531451275273344,-1.4331752775127526,-14.384492572304735
2011-08-01,31163.832067587842,8.904998249299723,-60.4391119126991,-282.58136112048834,-162.74659712342608,-3.3781569195109884,15.98075133432434,46.761615997857064,52.641060512843076,20.158492990990226,0.2842210524894,0.14381451275273394,-0.4753701987883936,2.265507427695269
2011-09-01,-31677.167932412158,-2.595001750700291,-2.1891119126991043,36.28863887951161,52.25340287657383,-0.6081569195109893,-2.2273853875122995,-44.37247801004838,-74.59957344752661,-34.418791391849815,-0.2510124940943541,0.012314512752733764,0.4224348799359632,85.60550742769523
2011-10-01,-4785.167932412158,1.5549982492997143,6.610888087300936,-83.2013611204883,-51.99659712342611,-2.1181569195109877,21.94075722612348,-3.1726629191396114,-29.01259394822637,0.7180513491493343,-2.9692706845705534,0.0073145127527338705,0.5102399586603212,17.375507427695286
2011-11-01,-5138.167932412154,1.0549982492997287,-7.189111912699076,75.91863887951159,45.75340287657389,-0.4281569195109913,13.090245010214858,-5.522830691867738,0.9696078019985634,-17.222749904159855,-0.9464946369513711,0.043914512752733836,0.27804503738467895,31.97550742769528
2011-12-01,-10397.167932412154,1.7049982492997202,-12.03911191269907,-14.081361120488395,-10.49659712342617,-0.24815691951098984,-11.800441353421776,-13.435056691866293,10.502385456348632,9.029863743566636,-0.3975562321895865,-0.06288548724726617,0.5358501161090352,53.40550742769523
2012-01-01,-1236.1679324121578,2.5549982492997287,-12.139111912699091,116.16863887951172,11.753402876573887,1.8818430804890127,-10.608136591516768,-40.85444699273216,-1.5774620700859714,-9.984524460600197,-2.8871880512371817,-0.07698548724726595,-0.04634480516660844,-16.154492572304722
2012-02-01,794.8320675878458,-7.445001750700285,-20.939111912699104,80.16863887951159,-15.746597123426113,-1.2281569195109905,12.700785702854832,-25.793143709182853,93.10716835275663,21.40529405499007,2.2951496669445888,0.06971451275273323,0.17146027355774862,-11.664492572304738
2012-03-01,11.832067587842175,-1.9450017507002852,-4.739111912699086,96.41863887951159,-9.996597123426113,-2.7381569195109905,3.840217737487933,-8.987766510049084,84.12059763324031,1.248996676346053,-1.2862077694189864,0.04811451275273404,0.11926535228210612,-54.34449257230477
2012-04-01,1493.8320675878458,-1.8950017507002883,-17.53911191269907,-159.2113611204885,-109.74659712342613,-1.3781569195109888,12.233567144602375,8.351513428688406,45.87483555329312,22.059761091328877,-1.6972182966918226,0.12001451275273367,0.027070431006464446,-38.40449257230472
2012-05-01,2856.8320675878417,-0.7950017507002798,9.21088808730093,134.04863887951186,102.00340287657384,1.1918430804890114,1.9723077243117475,-21.996680600298877,32.39752152566416,12.189851883743133,0.8078688608840281,0.058414512752734016,-0.8551244902691799,-41.984492572304724
2012-06-01,8051.832067587846,2.08499824929973,4.060888087300924,190.2886388795115,175.75340287657392,1.8518430804890065,-12.991276201906944,38.750909505102186,161.6146804873733,125.61912186296296,4.81179412495343,-0.027385487247266305,-1.3473194115448202,-15.274492572304752
2012-07-01,36071.83206758785,-1.0450017507002798,-10.089111912699082,78.0386388795115,-3.4965971234261133,-2.428156919510986,2.286626433140896,-34.27679905352636,20.789450222383266,-4.810417642211178,-4.702812407137863,-0.01048548724726617,-1.7195143328204632,-21.634492572304737
2012-08-01,12495.832067587839,3.754998249299717,8.710888087300901,-165.07136112048818,-47.49659712342617,-0.12815691951098884,-9.039029594528984,5.96810942433882,-21.779015893010865,-26.38975677129463,-0.9512719645094948,-0.009785487247266023,-0.6317092540961049,20.06550742769528
2012-09-01,-23534.167932412147,4.424998249299719,-19.089111912699078,-43.58136112048828,-1.4965971234261133,-1.058156919510992,0.11252692721160427,-13.260249088704256,-104.54790606466601,-0.4211594105072436,0.21556974029592624,-0.00598548724726644,0.6560958246282524,32.10550742769523
2012-10-01,-21732.16793241216,-0.27500175070028376,-12.789111912699099,-112.83136112048841,-8.746597123426112,-0.058156919510990335,25.26101536594456,-23.657857504119075,-51.98716296561156,9.481309658573423,-1.6889105831212916,0.027714512752733626,1.3439009033526084,68.05550742769529
2012-11-01,-8581.167932412154,2.9349982492997233,1.4608880873009582,-34.711361120488505,-50.74659712342611,0.18184308048901346,6.6236664387874375,-15.422526893166205,4.2003220109420445,-25.74674834019572,-0.2242386845704587,0.002514512752734177,0.8717059820769641,12.955507427695238
2012-12-01,-6961.167932412158,-2.5250017507002696,2.91088808730089,59.54863887951171,41.253402876573894,-0.7981569195109905,-13.143012979622538,-1.0366221862196312,-49.63509738389529,-28.87636449505692,-1.8823462083800209,-0.05818548724726647,0.8895110608013255,53.32550742769527
2013-01-01,-815.1679324121542,0.13499824929971282,-4.53911191269907,-24.46136112048839,-21.99659712342617,-0.4881569195109883,-16.005502746702067,-25.89394912348752,-14.144466374874128,-20.91715536683455,-2.509821967778585,-0.06398548724726583,0.5173161395256827,-15.494492572304724
2013-02-01,581.8320675878458,0.6549982492997231,-5.739111912699088,-44.45136112048829,-25.246597123426113,-0.728156919510992,-5.761479113162579,0.10748455228872444,-0.006969613263208885,14.554866276791135,0.25470392244704243,0.002514512752733733,0.4951212182500378,30.52550742769523
2013-03-01,-378.1679324121578,-0.7450017507002826,-2.4391119126991043,-12.961361120488505,-12.996597123426113,-0.13815691951098685,0.015726179046112062,0.2151023730685893,-33.02751149102505,-57.1218762298962,-1.255454196691801,0.008114512752734004,0.4229262969743957,-66.44449257230474
2013-04-01,966.8320675878458,-7.345001750700291,-8.139111912699079,111.04863887951171,-22.24659712342617,-0.7381569195109918,-20.863195305990587,-2.2680126958182427,62.55591651501982,38.98923169136492,-0.06636876032813177,0.026614512752733518,-0.21926862430124672,-35.21449257230472
2013-05-01,1834.8320675878424,-3.39500175070026,-7.289111912699057,-83.33136112048828,16.253402876573887,-0.018156919510987638,9.968567144602217,-1.5253457060964593,107.77423901611108,41.531862884507525,1.1521965033083392,0.12811451275273367,-0.7714635455768892,-47.45449257230475
2013-06-01,4142.832067587846,3.0549982492997145,-1.639111912699093,-184.7113611204885,-181.24659712342608,0.5118430804890082,15.897854101122904,8.85345351999149,11.843106880118055,-20.153199284994802,1.43423688512636,0.06961451275273367,-1.0636584668525335,-21.254492572304727
2013-07-01,12629.832067587842,1.0049982492997174,-6.739111912699088,106.54863887951171,-4.996597123426113,-0.6281569195109888,11.952527630536508,2.4738913417299955,-74.42594658087137,-81.02967269077692,1.6561920123992309,0.08021451275273428,-1.7458533881281753,-9.664492572304724
2013-08-01,14622.832067587846,4.904998249299709,1.3608880873009213,-77.58136112048841,-54.49659712342611,1.2218430804890126,-18.05279085685981,-19.144390490567158,-31.936158339202393,-82.85841374915492,-0.6849744512371743,-0.08548548724726635,-1.1980483094038163,12.835507427695234
2013-09-01,-13846.167932412154,6.404998249299723,-8.539111912699084,-18.331361120488282,-14.24659712342617,0.01184308048900995,-10.940415774653045,-20.15397352162449,-110.22179834572692,-30.93577291668896,1.0633880965889515,-0.08468548724726599,0.21975676932054003,43.035507427695286
2013-10-01,-10191.167932412158,-1.2750017507002838,4.610888087300907,68.78863887951138,-13.996597123426113,-0.9881569195109918,28.20048111975853,-3.7512178880842266,54.24386469372939,13.075741498712544,-0.6281535490633345,0.09891451275273376,0.6575618480448995,47.42550742769527
2013-11-01,-73.16793241215419,0.7849982492997327,0.21088808730094397,-50.20136112048818,5.7534028765738885,-0.7181569195109887,12.576032023200185,12.698263587355823,47.10316298341991,3.6824740171109616,-2.1277548345705384,0.042414512752733564,0.4053669267692541,46.36550742769525
2013-12-01,-8809.167932412158,6.934998249299724,14.260888087300911,-8.081361120488282,11.00340287657383,-0.8381569195109897,7.762310029977641,18.77430449983137,-16.55517305975127,7.860259405274861,-1.5681574940944358,0.029914512752733824,0.6931720054936115,-18.374492572304717
2014-01-01,-1659.1679324121542,10.0249982492997,54.36088808730092,127.66863887951149,22.503402876573887,1.8618430804890116,2.3914845359073524,94.69647149825244,40.61593810646809,21.177379587890755,2.4869962302164765,-0.015385487247266294,0.5309770842179695,36.42550742769527
2014-02-01,571.8320675878423,-6.345001750700277,-2.139111912699093,45.66863887951172,43.50340287657389,0.4318430804890099,4.1558588630290965,82.3662165475281,26.236835613504127,16.293678309344955,1.207007781594882,-0.06288548724726617,0.33878216294232644,10.28550742769525
2014-03-01,108.8320675878458,-0.27500175070028376,24.910888087300922,46.41863887951149,11.003402876573887,-0.4481569195109891,-35.91886429714458,-1.096427631261122,2.4087181175734718,-23.20213151622102,-1.1383386369514028,-0.10138548724726616,0.0565872416666835,-55.444492572304746
2014-04-01,920.8320675878458,-8.265001750700264,-25.789111912699102,-22.831361120488282,-49.24659712342611,0.4318430804890117,1.8612041011242584,-25.80168169186737,-15.160330154176565,-17.691906912769582,-0.3909033988562172,-0.021785487247266037,-0.005607679608960582,-52.064492572304744
2014-05-01,3294.8320675878417,14.954998249299722,-4.739111912699059,-166.21136112048842,-42.49659712342617,-0.2181569195109887,14.145674880342936,-35.212860577148255,-36.79080612430107,-31.179260285981805,0.09297779162002227,0.007714512752733604,-0.8578026008846003,-46.49449257230476
2014-06-01,4330.832067587846,4.684998249299723,21.810888087300924,-231.9513611204884,-68.24659712342611,0.20184308048900945,54.031096958267206,-6.823903921209649,-155.77327213290187,-50.32201680140714,0.6601936011435754,-0.020585487247266162,-1.199997522160242,-20.87449257230473
2014-07-01,30329.832067587842,-2.275001750700284,0.4608880873009014,-76.46136112048839,1.0034028765738867,-0.8481569195109877,78.1943826725527,42.903223178169696,-53.581352938825944,-7.8021148822938935,-1.6628389702847386,0.03551451275273365,-1.6321924434358872,-14.744492572304724
2014-08-01,1217.8320675878458,4.3049982492997,-2.6391119126990934,-114.45136112048829,-39.24659712342617,-1.0281569195109928,46.36456871151425,6.803866007268597,-125.3764430988266,-21.64998155302402,-1.7409211607610118,0.06061451275273376,-0.5243873647115294,19.745507427695244
2014-09-01,-5467.167932412158,8.804998249299729,-5.589111912699082,128.16863887951158,55.00340287657389,-0.14815691951098842,14.239660919305154,57.37354253540514,0.3850732750978523,16.11050797365931,1.4670400773341612,0.102814512752734,0.8034177140128271,35.895507427695264
2014-10-01,-18887.167932412154,-0.865001750700273,-1.5891119126990816,-31.581361120488395,-1.9965971234261133,-0.418156919510988,10.65675410112317,-19.637166719139145,94.6668041977681,53.30239609573562,-0.03410540386853711,0.09441451275273403,1.1312227927371872,63.055507427695225
2014-11-01,-6930.167932412154,-3.425001750700289,-20.28911191269907,6.168638879511491,20.253402876573887,-1.0781569195109917,-37.58381546409396,-25.84148898870393,26.86572939814289,13.260203054101055,-1.1372879804239986,0.08041451275273381,0.8090278714615451,15.455507427695267
2014-12-01,-6396.167932412158,-11.095001750700275,-4.939111912699076,-63.83136112048828,-27.996597123426113,0.08184308048901022,-24.695249060931932,-13.59116241321027,-37.992229711909204,-14.319415713244894,-0.13560716941893958,-0.01608548724726644,0.6768329501859007,0.3055074276952894
2015-01-01,-2273.1679324121537,2.904998249299723,-25.38911191269909,66.16863887951182,13.50340287657383,-1.3081569195109886,-23.086748171602718,2.0652099444961323,53.791905867385715,26.271904955313342,0.9857536750786052,0.17361451275273332,0.8146380289102559,18.98550742769524
2015-02-01,-353.1679324121578,3.0749982492997106,-4.089111912699082,-60.331361120488616,-9.246597123426113,-1.748156919510988,58.533220010216034,-1.2671966009577886,96.679255108455,55.35563399884308,-0.7533530593711362,0.3156145127527341,0.4724431076346143,29.80550742769526
2015-03-01,378.8320675878458,-2.065001750700276,3.4108880873009184,1.9186388795117184,-14.746597123426113,1.0818430804890085,-3.4631527170599834,-8.312375600957978,-49.31369303242491,-26.516549827768245,-1.2732079313237463,-0.10808548724726608,0.14024818635897418,-50.65449257230472
2015-04-01,158.83206758784218,-7.425001750700276,-10.639111912699091,-45.33136112048828,-11.99659712342617,-0.9381569195109892,-46.50187998978402,-16.816255055502552,-15.659250197861185,-17.99450394303716,-0.6631558893324936,0.005314512752733869,0.01805326508332783,-44.51449257230475
2015-05-01,3413.8320675878463,-4.7150017507002815,4.260888087300914,111.28863887951151,61.50340287657389,0.1518430804890123,-4.933304989784575,10.480248580860973,22.990942284159022,7.982378395971239,-1.3416187785097975,0.04671451275273375,-0.6941416561923148,-61.84449257230472
2015-06-01,2985.8320675878463,-2.3950017507002883,-5.6391119126990645,-97.70136112048829,-43.99659712342611,-0.10815691951098927,50.06834797464058,-0.7067810278363709,92.64824229553301,58.15308072457788,0.4485544669446284,0.10831451275273407,-1.1663365774679555,-4.534492572304728
2015-07-01,29355.832067587842,-0.4450017507002713,-4.939111912699089,-68.58136112048851,-8.246597123426112,-0.6681569195109898,82.23841931851463,50.69727968955641,12.203711222088716,-10.513620734350297,-1.0388674421464117,0.27781451275273383,-1.1385314987435962,-31.194492572304767
2015-08-01,23869.832067587846,-21.07500175070028,0.5608880873009099,1.9186388795117184,23.00340287657389,1.0718430804890122,41.76081773748763,16.51789780813408,37.49175772602348,73.44327641850714,9.636453648762988,0.37901451275273335,-0.04072642001924365,18.18550742769527
2015-09-01,-14984.167932412158,14.334998249299714,-0.6391119126990787,-9.081361120488284,-6.49659712342617,1.2518430804890066,-77.91016408069277,21.161823808135864,0.4352736394364456,13.47107729493598,7.217493466944518,-0.036785487247266165,1.3270786587051155,30.065507427695266
2015-10-01,-20316.167932412154,-9.445001750700255,-4.289111912699084,-6.081361120488509,-18.246597123426113,0.25184308048901194,-47.811077067707636,-35.932962659402506,-66.31915999944886,-38.297063621006934,1.1790712305809237,-0.09818548724726606,1.3848837374294725,38.66550742769525
2015-11-01,-8694.167932412158,5.504998249299717,9.56088808730091,-20.581361120488282,-7.2465971234261115,0.4218430804890101,-24.859134097635213,14.242771888317636,41.25660173853271,4.983331735161187,0.8873782487629072,0.08621451275273362,1.1726888161538334,22.26550742769527
2015-12-01,-11729.167932412154,-0.7450017507002826,-10.58911191269907,16.168638879511715,12.25340287657383,-1.8781569195109888,-6.40288627154564,10.817018940072217,50.581634132201536,14.192070915386806,0.4564167013940832,0.16601451275273416,1.1304938948781889,95.34550742769528
2016-01-01,-2708.1679324121537,3.954998249299706,-3.939111912699076,-23.8413611204885,-19.496597123426113,1.2418430804890104,30.991844577313145,-6.568744157234278,-47.150044282653646,-22.86339504737123,-5.387955803868572,-0.0999854872472663,0.8282989736025463,-64.07449257230475
2016-02-01,200.83206758784215,-6.815001750700276,14.560888087300912,48.91863887951172,-2.9965971234261133,1.0518430804890109,-30.585500350222674,-4.884066583736399,-65.59794864324499,-47.05399757749411,4.068614957853549,-0.2751854872472665,0.7361040523269047,34.32550742769527
2016-03-01,-3.1679324121541867,-10.075001750700297,-6.839111912699096,114.67863887951158,37.753402876573894,0.8318430804890121,-24.206639066577626,-35.655576683114305,46.248704323242464,-5.4559545459833325,-3.8287926888994894,-0.14338548724726596,0.7239091310512613,-66.71449257230472
2016-04-01,-107.16793241215782,-2.2450017507002684,0.4608880873009156,45.41863887951172,13.503402876573887,1.301843080489007,1.9229528024204685,-2.3778913606994365,109.22601869067353,9.569940340598919,5.41197979162002,-0.031885487247266475,0.7917142097756198,-35.374492572304774
2016-05-01,2911.8320675878463,-1.3450017507002772,22.31088808730091,93.78863887951158,-46.99659712342617,2.631843080489009,-17.148982262512618,14.699984262681367,61.10183982236617,14.902814888047375,6.920658389022505,-0.12568548724726591,-0.6704807115000264,-40.28449257230473
2016-06-01,13070.832067587842,-7.165001750700284,1.8608880873009357,-157.45136112048849,-25.246597123426113,-0.9281569195109859,-8.784786807966157,-5.624443373684129,-167.7427799109189,-88.13340014950859,-1.8744491057825456,-0.15408548724726634,-1.9026756327756689,-15.314492572304731
2016-07-01,19859.83206758785,-1.375001750700278,-0.5391119126990702,-80.08136112048828,-33.996597123426106,1.0818430804890085,-22.89773502931007,-27.759991788706323,-97.06218035902315,-51.18320263866372,-0.5291026164544519,-0.0782854872472658,-1.274870554051308,-6.654492572304761
2016-08-01,3134.8320675878463,-13.295001750700278,5.410888087300918,10.788638879511723,34.25340287657383,2.4018430804890123,-3.595688586622373,33.677266677700345,-35.860885324779474,-1.5345053936537167,5.034344928265945,0.03581451275273384,-0.2770654753269497,14.555507427695275
2016-09-01,-11386.167932412158,3.9549982492997198,12.360888087300909,54.04863887951149,17.003402876573887,-1.9281569195109896,-22.184492652123257,-5.754434217842459,-21.699602943776426,0.3164359487115576,3.3239999344770297,-0.07658548724726666,0.16073960339740268,54.61550742769525
2016-10-01,-11635.167932412154,7.404998249299723,-16.889111912699093,19.288638879511726,-18.996597123426113,-1.8781569195109888,32.291214490734546,42.05676792501822,82.13543983617366,16.137943119793814,-3.573598351237393,0.14271451275273386,1.0785446821217626,14.395507427695264
2016-11-01,-10940.167932412158,8.004998249299717,-10.689111912699076,-31.231361120488486,14.253402876573887,-0.05815691951099211,-30.605504989785462,-74.03576810095922,24.01059917802354,4.586114504261161,-6.6917003512370945,0.008314512752733538,0.6663497608461206,50.54550742769528
2016-12-01,-5939.167932412154,-3.645001750700288,12.26088808730094,16.918638879511605,6.7534028765738885,1.171843080489012,-22.61464135342328,-6.995784737321743,-53.27237503429889,-4.493796590336672,2.1496743987628197,-0.17268548724726562,0.6841548395704784,24.475507427695252
2017-01-01,-1000.1679324121542,10.754998249299717,-9.08911191269911,9.198638879511918,6.00340287657383,-1.2681569195109894,6.371996828397187,-23.52923749186573,-33.53768537111887,-7.0341263506242635,-2.353602732816185,-0.09318548724726616,0.5519599182948376,17.755507427695278
2017-02-01,694.8320675878423,-6.895001750700273,-1.6391119126990643,-93.08136112048862,-3.4965971234261133,-2.3881569195109904,18.439147144601293,-18.03989283652965,-43.39762252894866,-11.597804023045056,-7.104154502266929,0.013014512752733687,0.4397649970191928,-5.6044925723047365
2017-03-01,-203.1679324121542,17.804998249299732,-8.489111912699087,8.658638879511727,-7.2465971234261115,-0.788156919510989,7.648166057646222,-14.797775701749229,-58.509437375668774,-8.518968136451576,-5.473907200207293,0.002714512752733711,0.31757007574355,-45.91449257230477
2017-04-01,881.8320675878423,-13.82500175070028,-1.9391119126991043,-43.82136112048829,13.00340287657383,-1.0381569195109872,33.73134431851554,-9.975862919139217,24.66127757949175,14.129953053271947,-1.1571977196584058,0.056514512752733566,-0.024624845532091655,-51.48449257230472
2017-05-01,2826.8320675878463,-5.56500175070029,-5.539111912699084,29.91863887951149,-2.4965971234261133,-1.3581569195109893,34.175607065550594,-10.942901464594796,-8.022886013888865,9.69227808904276,-5.8969763512371705,0.08231451275273383,-0.3568197668077353,-50.654492572304726
2017-06-01,12197.832067587842,-7.345001750700277,14.960888087300944,47.41863887951172,-0.7465971234261133,1.7518430804890102,-25.069866461646942,5.0290087691727186,44.203364974327535,-19.019964836885947,0.3743822487628137,-0.10478548724726623,-1.2490146880833812,-26.284492572304764
2017-07-01,19825.83206758785,-7.7150017507002815,-11.339111912699082,-54.3413611204885,-29.496597123426113,-0.6581569195109918,-65.27083264835733,-9.769285714169255,-87.42966236464281,-39.366742099313676,-1.9561904294981856,-0.06038548724726577,-1.851209609359021,-0.08449257230473961
2017-08-01,35528.83206758785,4.324998249299711,-0.3391119126990816,17.678638879511713,12.003402876573887,-0.9181569195109898,-7.0156901017768405,-14.957437600299896,15.699326062535192,-8.81033704863586,0.00035062702379207167,-0.024085487247266446,-0.5034045306346648,12.685507427695287
2017-09-01,-39274.167932412165,11.154998249299735,-3.1891119126991043,15.158638879511726,-10.49659712342617,0.6818430804890117,10.777835161731446,-12.187686631261444,29.77399406624977,10.607266967612588,1.5821913305810398,0.051014512752733936,0.6344005480896939,38.99550742769522
2017-10-01,-14259.167932412154,-0.8450017507002769,0.9608880873009156,-1.5813611204885092,-4.996597123426113,0.1718430804890101,12.510097282942295,8.294799353589669,30.03366684442221,8.035262970846645,3.1913191336113584,0.061814512752734085,1.2022056268140489,49.52550742769525
2017-11-01,-7666.167932412158,2.854998249299712,-0.3391119126990816,-25.70136112048829,8.003402876573888,-0.04815691951098877,-16.035153474636218,-9.606137527366343,-7.905842337638887,3.0568638127752483,-1.4908335179039724,0.02331451275273322,0.6500107055384063,51.0555074276953
2017-12-01,-9087.167932412154,0.6049982492997117,-4.5891119126990665,31.668638879511718,9.75340287657383,-1.6881569195109891,-6.494248797424348,-8.697421277314787,-36.21992385036378,6.79171983442501,-2.8710311369515016,-0.09228548724726604,0.5778157842627643,11.925507427695234
2018-01-01,-1063.1679324121578,3.404998249299723,-1.0391119126990844,55.66863887951149,12.003402876573887,-0.028156919510987418,26.398451166339783,-5.2578567300098475,55.19664209246321,27.94327746078392,-0.98587159183856,0.030414512752733987,0.32562086298712245,34.45550742769527
2018-02-01,1194.8320675878458,-13.995001750700268,-3.1391119126990787,-12.831361120488284,12.253402876573887,-0.9581569195109924,-0.5072643079669206,-2.8255712782300293,39.981649179434044,30.184312466994015,-2.27622068206432,0.01951451275273364,0.11342594171148335,-25.564492572304715
2018-03-01,-987.1679324121542,9.754998249299717,2.2608880873009127,1.1686388795114908,3.753402876573887,-0.7481569195109898,11.605130724500894,13.210646704237659,41.99188726797388,31.67479897988505,-1.9588939226658508,0.12111451275273401,0.4712310204358374,-21.314492572304765
2018-04-01,1723.8320675878422,-18.945001750700285,2.8108880873009103,-31.581361120488282,0.5034028765738867,1.2318430804890106,29.272668386837378,32.25561741005146,56.10976737226383,49.40822951080214,2.4329317136978053,0.213914512752734,-0.11096390083980624,-75.71449257230474
2018-05-01,2437.8320675878463,1.7049982492997202,-12.439111912699088,-159.33136112048828,-44.74659712342617,-0.8081569195109886,13.941725529695075,10.687721751670779,-84.80167481826697,-30.654905325674118,2.3223348695422743,0.13061451275273406,-0.8731588221154459,-55.06449257230472
2018-06-01,6875.832067587842,0.4249982492997191,-1.8391119126990527,42.16863887951149,21.003402876573887,-0.8081569195109886,-3.7945127819943987,-8.554524587973447,-92.8219260175515,-27.07021041862197,-3.060191684570654,0.0423145127527329,-1.875353743391088,-4.964492572304749
2018-07-01,10135.832067587846,-1.1150017507002872,-12.039111912699099,-64.58136112048828,-22.246597123426113,-0.09815691951098947,5.967843033930876,-8.9432117037245,45.38692277894506,38.19048973238159,-1.7241133098295265,0.10241451275273404,-1.5275486646667351,-5.8444925723047305
2018-08-01,19490.83206758784,6.404998249299737,4.110888087300921,-3.831361120488282,4.25340287657383,-0.2581569195109896,12.718748122863646,3.1262758199926566,8.042521773771567,-5.3185158231527785,2.9722323993350064,0.16661451275273365,-1.0697435859423765,21.865507427695235
2018-09-01,-22669.167932412158,2.154998249299709,10.010888087300913,4.668638879511491,6.0034028765738885,2.061843080489009,-93.407561659747,16.389672124339825,-76.57309215068722,-36.16386035443009,5.071178202538796,-0.35638548724726604,0.5180614927819818,46.515507427695276
2018-10-01,-6540.167932412154,0.8249982492997248,-9.68911191269909,39.16863887951172,2.2534028765738867,-0.3881569195109904,11.21972781653892,0.2597634919259235,26.72329172289028,3.2417158080385207,-1.3685159350881264,0.016114512752734008,0.8758665715063394,49.68550742769528
2018-11-01,-7887.167932412158,7.634998249299714,-1.639111912699093,-1.8313611204885087,7.5034028765738885,-0.8881569195109886,60.89230388467378,-27.944676087971057,57.75188562823836,38.65305617045476,0.10712326304834363,0.0886145127527338,0.6736716502306948,43.82550742769524
2018-12-01,-1069.1679324121542,-0.24500175070028266,3.810888087300953,19.168638879511718,0.5034028765738867,0.6718430804890119,-19.760258528276612,-16.201462248329676,-42.019785799091096,-29.85163412267264,-1.5904805369513966,-0.1565854872472663,0.4014767289550534,-21.564492572304715
2019-01-01,-1151.1679324121578,4.904998249299709,-10.939111912699088,-8.331361120488282,-15.49659712342617,-0.06815691951099012,4.745111492429941,-3.3518702756617245,-6.518582067815032,5.904790670768191,0.5704215134245487,-0.01998548724726623,0.7592818076794109,16.175507427695266
2019-02-01,2361.8320675878463,-4.495001750700254,-0.93911191269909,-28.701361120488514,-6.4965971234261115,-0.168156919510988,41.028092672552816,-4.869318233426668,13.19236645478736,4.230225886584093,-0.455595692089581,0.10751451275273373,0.5670868864037715,25.305507427695236
2019-03-01,-2357.167932412158,-2.195001750700285,-2.8891119126990934,-31.96136112048828,-4.246597123426113,-0.3481569195109895,62.32568007515124,-6.544715659395705,-6.233984959651253,-11.454682618839225,0.7373482678105603,0.04791451275273406,0.4648919651281282,-47.92449257230473
2019-04-01,134.8320675878458,-15.525001750700298,12.510888087300911,21.168638879511718,72.75340287657383,0.051843080489010866,-15.226674357375488,7.349579665840622,-50.584383131237466,50.54542247546397,-1.8683897083800929,0.0853145127527335,0.2826970438524832,-46.61449257230473
2019-05-01,4308.832067587846,1.7849982492997467,3.4108880873009184,1.0486388795114865,-7.7465971234261115,0.15184308048900694,-21.35790948583349,16.728967900424436,35.19615306379478,66.55112340645314,0.5523082987628172,-0.14458548724726586,-0.3794978774231588,-67.08449257230475
2019-06-01,6149.832067587842,-3.845001750700277,-8.839111912699053,-4.211361120488277,-20.996597123426113,0.5418430804890111,-11.000519268443213,9.426061956948844,-35.0244667834977,-39.226948612475674,-2.3461120012370458,-0.08598548724726607,-0.9716927986988004,-12.47449257230474
2019-07-01,38554.83206758785,-2.1450017507002883,-6.289111912699099,-14.581361120488511,-43.24659712342611,-1.0081569195109878,45.10630587978267,-6.252782927047575,30.15527968327069,-60.552226240959605,0.43680133058105497,0.2347145127527339,-1.8138877199744419,-17.634492572304737
2019-08-01,1312.832067587835,-0.6650017507002843,7.310888087300924,33.41863887951172,29.00340287657389,0.3818430804890109,22.628029858700298,20.80960126268189,57.43658840380022,-12.50254676193788,-0.7218415330555956,0.08871451275273358,-0.7360826412500892,13.80550742769526
2019-09-01,-27607.167932412147,6.844998249299722,0.5608880873009099,24.918638879511718,1.00340287657383,-0.10815691951098927,18.70853743445548,-14.567136919141035,53.6932262614589,31.9970010996675,4.6807346487627015,-0.045785487247266936,0.8517224374742689,53.845507427695274
2019-10-01,-5014.167932412158,9.28499824929972,16.360888087300907,-57.7113611204885,-19.746597123426113,0.36184308048901137,201.7903707677888,64.92959393800595,-9.302807541826953,5.680812171627622,1.6561502487629198,0.06451451275273445,1.0395275161986284,35.035507427695265
2019-11-01,-12871.167932412154,3.2549982492997174,10.910888087300904,64.29863887951171,15.503402876573887,0.5218430804890097,-48.1421102928133,52.25670586007982,-14.389125252148688,-8.364823402380464,1.7986658106675717,-0.06008548724726648,1.0373325949229866,25.16550742769525
2019-12-01,-4820.167932412154,-3.56500175070029,-27.289111912699042,-73.4613611204885,-7.49659712342617,0.771843080489008,-149.34464817160426,-49.33739151202678,19.001470970448736,24.848849755458325,3.862997553524828,0.03791451275273428,0.7351376736473405,71.00550742769528
2020-01-01,-195.16793241215785,-8.925001750700275,7.210888087300901,17.918638879511718,-15.746597123426113,-0.2481569195109881,14.138079101124045,-6.611492462615843,9.867809624558276,17.605679896052834,6.494014771569482,0.1870145127527332,0.7529427523716983,-22.71449257230475
2020-02-01,1236.8320675878458,-11.115001750700287,9.210888087300916,-10.201361120488286,-26.746597123426113,-3.6781569195109896,37.73507910112517,133.46196958086182,140.21964140958698,56.214732633562896,-8.04345914071066,0.530414512752734,0.5307478310960576,8.125507427695254
2020-03-01,250.83206758784215,-12.07500175070028,-15.139111912699079,-32.58136112048851,-30.246597123426113,-0.16815691951098974,96.07472455566663,95.15479294449813,82.44682344697549,-13.453648691441686,-4.445792541713175,0.4221145127527337,0.568552909820415,-51.35449257230474
2020-04-01,-101.1679324121542,9.474998249299745,-8.589111912699096,-17.581361120488285,13.253402876573887,0.5618430804890124,169.78584793229436,20.977697788648012,90.68891884282608,27.642332474704176,6.350688239238785,0.3135145127527341,-0.16364201145522728,-51.80449257230472
2020-05-01,3120.8320675878417,-8.315001750700276,3.5108880873009127,39.91863887951172,11.75340287657383,0.9518430804890112,-95.6720783664082,-113.44907349056541,-96.6799457742236,-46.60210666667104,1.149298794217259,-0.4597854872472666,-1.0858369327308708,-37.90449257230476
2020-06-01,8708.832067587846,10.93499824929971,18.66088808730095,11.668638879511489,-23.496597123426113,1.2018430804890097,-71.26544945618946,37.5124707330325,75.90975164079055,33.87547423368392,1.1837152851266308,0.07631451275273449,-1.2680318540065123,-31.994492572304736
2020-07-01,34903.83206758785,1.424998249299719,10.610888087300921,52.66863887951172,31.50340287657389,0.04184308048900754,41.99461869739457,115.43311457154834,76.18913769237633,9.592555675454946,7.099498895515873,0.18621451275273326,-1.3602267752821542,-12.474492572304756
2020-08-01,18648.83206758784,3.8049982492997145,-19.089111912699092,66.66863887951149,29.50340287657383,0.19184308048901144,-31.33391602874269,5.4183613925441705,159.05503954569872,80.0058096404607,-3.1023914940941073,-0.07728548724726547,-0.4924216965577983,12.15550742769527
2020-09-01,-27847.167932412158,-2.8250017507002814,-6.789111912699084,32.54863887951183,18.503402876573887,-0.1581569195109882,-1.6821231716020293,-46.35740305550144,193.8892754129656,148.27102697746295,12.977853590321253,0.2165145127527337,0.9753833821665588,49.475507427695256
2020-10-01,-27991.167932412158,3.9549982492997198,16.06088808730091,109.28863887951158,20.253402876573887,0.3918430804890107,-32.641512781997555,-36.45286528493648,100.2759533262265,-14.745881492122749,0.7767581214899479,-0.18588548724726686,1.393188460890915,56.775507427695246
2020-11-01,-6041.167932412154,2.5349982492997185,7.31088808730091,138.91863887951152,63.25340287657389,0.8218430804890104,-69.54876794856352,-10.841721915002267,-8.996981459393965,-16.51150872772473,-6.1108225512370495,-0.3122854872472658,0.810993539615275,23.395507427695264
2020-12-01,-5157.167932412158,1.854998249299712,-5.539111912699057,51.54863887951182,62.00340287657389,0.36184308048901137,81.9442190079551,48.273767267198075,418.83810276592936,216.4593965196799,9.755400885604836,0.21381451275273375,0.7087986183396318,20.435507427695285
2021-01-01,-36.16793241215419,-2.195001750700285,13.660888087300904,40.91863887951172,7.50340287657383,1.3318430804890102,46.78923267255289,35.47275573800244,36.63823203362153,82.64524633788687,6.3884229645523325,0.03711451275273348,0.3966036970639877,26.18550742769523
2021-02-01,327.8320675878458,7.624998249299723,-13.589111912699082,26.28863887951138,7.7534028765738885,-1.7181569195109925,46.094432361992524,38.16081536781496,175.1722692275721,52.95871600460498,-3.1720028386517636,0.21311451275273446,0.08440877578834716,8.015507427695269
2021-03-01,60.832067587842175,-5.215001750700253,16.2108880873009,96.28863887951158,174.75340287657392,2.171843080489012,92.11695311298355,-4.485635551550331,57.611581745522926,108.27452994711132,1.143190512116803,-0.07528548724726658,-0.09778614548729793,-66.85449257230475
2021-04-01,2753.8320675878463,-0.3650017507002872,22.160888087300922,-9.7013611204884,-84.24659712342617,0.3718430804890112,13.256250637919152,44.08261919774543,51.23928614824467,109.73018931367552,0.2910675535248117,-0.29218548724726645,-0.27998106676293943,-63.414492572304745
2021-05-01,2195.832067587842,6.374998249299723,-3.2391119126990877,-137.58136112048828,62.25340287657389,0.46184308048901096,-29.28865379930789,-21.971002672388067,-352.7814923255555,-140.0101010282716,-4.573185548206722,-0.2654854872472661,-1.1621759880385802,-29.45449257230473
2021-06-01,8528.832067587846,-0.6650017507002843,19.96088808730096,-47.70136112048818,-173.99659712342608,0.5018430804890102,23.045670010212568,87.37899817177185,-5.372354996947252,-36.56142255952727,4.65541717906585,0.12381451275273392,-1.7843709093142266,-18.174492572304747
2021-07-01,35739.832067587835,-3.375001750700278,13.66088808730089,-57.46136112048862,-13.996597123426113,2.081843080489012,26.13865410112669,78.27627989904045,-62.13352546437136,-90.7538023552421,10.100050163914515,0.07881451275273399,-2.0365658305898684,-7.004492572304756
2021-08-01,-1868.1679324121505,1.3849982492997128,0.3108880873009241,-39.08136112048828,1.7534028765738867,-0.24815691951098984,15.628572282939784,52.33478753540749,-172.8643655526812,-106.84651909738513,-0.2539122473413187,0.021514512752733417,-0.4387607518655088,6.825507427695272
2021-09-01,-21473.16793241216,6.5549982492997145,9.7108880873009,-23.831361120488282,30.50340287657389,-1.4281569195109896,73.71661838683657,143.04904389904175,21.266128239423324,80.2181186707487,6.8135656487627765,0.2538145127527338,0.8890443268588477,65.10550742769527
2021-10-01,-16732.167932412158,8.254998249299717,29.060888087300924,-21.081361120488513,-2.246597123426227,-0.7081569195109907,43.22230345177196,103.473681626318,20.12788452537393,54.36709549026512,0.9909945059058884,0.016414512752733756,0.8168494055832056,56.285507427695244
2021-11-01,-7195.167932412154,2.774998249299728,-7.389111912699093,108.91863887951172,25.25340287657389,0.2818430804890113,33.7777926386774,73.42058023105959,143.32833745152357,108.60214712400877,-1.7452669486401078,0.07931451275273371,0.2646544843075631,39.09550742769525
