,DATE,beef,coffee,soy,corn,sugar,EXBZUS
0,1998-01-01,92.80504805603023,198.12558136363594,275.4961559814956,128.07989017868064,12.899568517398873,1.1199
1,1998-02-01,92.5372404701233,201.0810102,278.9217917471081,128.08240139389056,12.084091885566716,1.1273
2,1998-03-01,92.5781703689575,179.51922599999997,272.15325002930626,129.02675338439892,11.15523194446564,1.1334
3,1998-04-01,93.25431723175048,171.4259295,268.2156636851175,121.72017785568242,11.040281535243984,1.1409
4,1998-05-01,92.25900175094604,159.4309178571428,270.97958496571874,121.59704824447627,10.586261372566218,1.1475
5,1998-06-01,89.43201510848999,146.20731077272748,266.77949608064563,117.45198006744393,9.348256258773809,1.1543
6,1998-07-01,88.19381249999999,135.81563086956513,269.94085165135,117.19046304931669,10.016798100662234,1.1614
7,1998-08-01,89.1886897979736,144.87735728571445,236.97437720985872,103.52931196517942,9.938805661869042,1.1717
8,1998-09-01,88.59371857452396,133.33049931818195,228.23444703695628,101.18590470886235,8.5339415602684,1.1805
9,1998-10-01,88.28997511596685,130.05052854545488,238.6781850968831,113.53371850662226,8.872436213350301,1.1889
10,1998-11-01,90.1743385070801,138.55665676190506,250.44836541117252,116.19922013854976,9.618897111129765,1.1932
11,1998-12-01,92.0136712005615,141.07599600000034,246.960571469205,114.88540127868652,9.734181615447994,1.2052
12,1999-01-01,117.33119769287107,172.7121599999999,294.8954394077999,147.34723315429693,12.260808311462398,1.5119999999999998
13,1999-02-01,157.6031325,201.7820882,346.06560781238187,182.13972949647777,13.12733455,1.9261
14,1999-03-01,155.31455,200.35038382608604,333.6028544091238,183.75988591295814,11.4822567826087,1.9057
15,1999-04-01,134.68666666666664,175.06575340909026,302.25458255953123,160.10050969547197,9.230792857142852,1.7025
16,1999-05-01,134.571205,187.6661802380954,288.94375497772813,156.256070773049,9.68794705,1.6853
17,1999-06-01,141.23676739130445,191.03240918181865,300.37745340519126,164.22807520305795,10.669666590909085,1.7669
18,1999-07-01,147.0593550904763,172.64559390909093,285.32619229202686,150.6694017912679,9.693097090909093,1.8023
19,1999-08-01,166.58068977272734,172.55899277272715,324.37604225411684,162.90765299334808,10.793907652173901,1.8859
20,1999-09-01,164.1943977272727,160.48589140909093,342.97412506902185,165.41649246697696,12.672959454545447,1.8987
21,1999-10-01,166.64485714285706,182.6240129523809,350.79844169403003,168.62864770910704,13.297837714285707,1.9688
22,1999-11-01,169.83041625,217.18768581818165,330.64951880985745,164.95960049287066,12.563756999999999,1.9314
23,1999-12-01,163.903275,227.14129391304283,313.43393636225,160.8563572567011,11.0320044,1.8442
24,2000-01-01,159.26274,201.97012457142938,325.7187612966788,167.8457285868883,10.16518815,1.8057
25,2000-02-01,158.19732499999998,184.82959785714363,329.999007679275,168.91249622487726,9.5060515,1.7765
26,2000-03-01,157.617504,175.37710539130404,332.74872150795,165.82307736659658,8.90575488,1.7424
27,2000-04-01,159.35248,167.49264000000002,348.79471785004,169.06647437547997,10.637065600000001,1.7696
28,2000-05-01,166.14702000000003,167.25482573913038,367.15075492559754,174.6107409219642,12.394073391304346,1.8278
29,2000-06-01,159.37403522727277,157.26961513636363,338.3648679992625,152.1031172997062,15.084693818181828,1.8099
30,2000-07-01,156.3149571428571,157.62336171428575,304.78994438557504,134.96817210727036,17.335504285714283,1.7982
31,2000-08-01,156.2905086956522,143.46870908695658,303.68742912043933,136.11764489054278,19.172527173913004,1.8091
32,2000-09-01,152.12829719047625,139.5140875238095,331.9785632373581,147.45301516170582,18.134842749999997,1.8397
33,2000-10-01,155.9127375,144.41713936363644,326.60940041323687,159.35979533767858,19.590318954545424,1.8813
34,2000-11-01,174.79350568181817,139.0900225909092,345.2216631195406,173.276167181743,18.53515205,1.9483
35,2000-12-01,173.05608,129.38142399999995,365.08581915003003,188.90735682045113,19.077396,1.9632
36,2001-01-01,171.75891704545458,128.42306786956527,343.1444560191037,184.4548180007707,19.677434523809506,1.9561
37,2001-02-01,175.65037499999997,134.95465299999998,335.91106236751244,185.30929473178557,18.781175,2.006
38,2001-03-01,190.81241999999997,139.69841250000002,344.44902669818435,190.71596780892858,18.266092499999996,2.0955
39,2001-04-01,197.6527575,144.75917761904776,347.89700716146746,192.021348900268,17.661487684210513,2.1934
40,2001-05-01,209.74684772727284,159.63672834782614,375.6890568727313,195.048729428648,20.540653909090928,2.2926
41,2001-06-01,224.6833238095237,151.87731790476195,404.94833719967,197.82259224843546,20.797508571428562,2.3788
42,2001-07-01,243.48793636363646,145.76788640909083,461.6131974442932,224.44537324840277,21.110852666666677,2.4731
43,2001-08-01,255.75288260869576,149.05210278260873,459.1027021041862,233.330703281483,19.85730260869566,2.5122
44,2001-09-01,287.076075,155.96327889999998,461.31630395851005,240.21773398273024,19.166956466666676,2.6767
45,2001-10-01,283.37488695652155,154.49293773913038,440.26002420113997,236.44261940869572,18.078555130434786,2.7408
46,2001-11-01,265.7031275,149.94989386363642,414.2221377573538,229.02973646167408,18.5450718,2.5481
47,2001-12-01,238.31958333333256,133.73921023809527,378.5136549513344,218.17826609972684,17.513535,2.3635
48,2002-01-01,240.47807727272837,138.61261917391312,380.9214712495294,218.87216950036992,17.406135285714278,2.3799
49,2002-02-01,249.57139,143.30900720000002,388.3460913244687,219.94328751658844,13.777111368421046,2.4242
50,2002-03-01,255.66362500000002,150.24526666666674,395.5860122276563,210.71689065625011,13.892952500000002,2.345
51,2002-04-01,240.95373068181738,151.75782759090916,398.0122504417744,202.3226107704017,12.027362909090915,2.3227
52,2002-05-01,238.78573369565208,152.13301421739132,437.2370270719069,223.5970793085969,13.89093354545454,2.4753
53,2002-06-01,254.8678736842106,158.9430492,503.16158147755493,252.90010548353575,14.2397424,2.7144
54,2002-07-01,285.03566666666666,166.12259878260863,615.0247833314199,293.25758787875014,17.04471266666668,2.9414
55,2002-08-01,297.539509090909,168.97446736363634,647.1887365529026,341.56321175035623,18.204162272727267,3.1082
56,2002-09-01,310.528675,203.5229358095239,698.535735598635,382.25079053818,21.5025906,3.3548
57,2002-10-01,330.17891220000007,249.55381939130442,759.65952860919,416.28507859250107,26.652131999999998,3.7966
58,2002-11-01,293.005125,250.99414533333322,755.1868684038525,390.30143288675,26.21317557894738,3.5924
59,2002-12-01,304.65119999999996,230.8672510909091,755.2548142909824,388.1134735150362,27.230014399999995,3.6268
60,2003-01-01,293.390625,224.75570652173923,717.315487109375,363.8396304209184,27.1235119047619,3.4375
61,2003-02-01,301.123125,238.77176175,753.664041652973,381.63025299731976,30.016432500000022,3.5955
62,2003-03-01,289.9307125,213.44464080952372,726.674666528525,363.4093658336067,27.112050333333357,3.4567
63,2003-04-01,256.881125,201.1282759090908,689.29284962625,327.4961322790818,22.577261904761897,3.109
64,2003-05-01,234.06981000000002,195.09797822727276,686.0124219567,318.5073228879589,20.702661571428564,2.9517
65,2003-06-01,226.040775,176.34550600000009,663.750979670775,309.1639914791314,18.5014357142857,2.8887
66,2003-07-01,233.5473,181.50749582608702,617.11861697325,281.6138282964286,19.411161954545463,2.8833
67,2003-08-01,273.8579625,192.01291028571438,625.759581723525,301.5805874073937,20.162700809523812,3.0053
68,2003-09-01,283.2788,193.94509145454532,676.6556527493,301.4975847766671,18.315079999999995,2.9204
69,2003-10-01,281.69952,184.03074156521748,770.058409200653,298.3207981053415,17.45810121739131,2.8628
70,2003-11-01,322.83625,181.5389125,815.3869646544084,315.1129134075643,18.047088888888887,2.915
71,2003-12-01,308.34770000000003,189.8191595652175,828.4587884324663,327.6332091452063,18.55881476190475,2.9255
72,2004-01-01,305.474298,205.51930813636375,858.5544098305912,331.6835370782744,17.206900736842094,2.8533
73,2004-02-01,291.9529,223.6608621,928.8263214811172,360.70833356890876,17.233019894736834,2.9342
74,2004-03-01,282.67657499999996,226.89447443478252,1048.375070144188,373.39524844541813,18.882175956521742,2.9067
75,2004-04-01,296.89659,219.6561571363637,1057.034878764075,388.02872106091854,19.949578714285714,2.9079
76,2004-05-01,355.6011375,240.242112,1079.200140478425,401.0815247104295,20.544981749999998,3.1023
77,2004-06-01,365.345775,257.2739770909092,1002.0947887596067,385.7761955681628,23.514454285714272,3.1293
78,2004-07-01,365.51952,227.78194254545465,880.4836980576001,317.4960546955096,24.810706285714303,3.0384
79,2004-08-01,380.47814999999997,220.95704018181812,677.7765315657,312.46678014749995,23.651455090909092,3.0018
80,2004-09-01,369.737775,232.65912954545456,596.9211536142,282.5675739037754,25.0808297142857,2.8914
81,2004-10-01,340.81399999999996,229.73131619047626,551.672938781,266.42000343469374,25.56478476190475,2.852
82,2004-11-01,329.9939875,251.6393433181819,545.8809339913499,261.3705992702069,24.1582082,2.7877
83,2004-12-01,317.11199999999997,283.41412826086895,539.17442925,259.5771329081633,23.87907142857141,2.715
84,2005-01-01,309.96487499999995,288.2183464285722,526.2404673963937,258.296241658125,23.995719,2.6895
85,2005-02-01,304.83461250000005,313.81408575,513.1590327344251,245.06078114199235,24.214540263157907,2.5971
86,2005-03-01,324.732,364.72227517391434,631.0098341395692,270.6479153143714,24.0707595,2.7061
87,2005-04-01,304.4832,333.66805333333383,589.297420264,248.50896567619054,21.96223999999999,2.576
88,2005-05-01,298.20833,315.2677795454539,573.2437512934,234.1587604037075,20.89896171428571,2.4554
89,2005-06-01,290.56081,292.56728927272707,615.1519521849541,235.7213703821429,21.81332745454546,2.4148
90,2005-07-01,290.58652,260.552699999999,600.4849828173001,250.44549338599964,22.7479945,2.3702
91,2005-08-01,283.308,255.4586183043472,544.0149430146041,234.40581994421424,23.31440073913042,2.3609
92,2005-09-01,276.07647000000003,228.3216872727273,486.55442430642506,222.7677063262244,24.80896180952383,2.2949
93,2005-10-01,262.5444,236.8512137142866,475.885768095,228.85588818489714,26.170734857142758,2.2536
94,2005-11-01,259.228025,238.2073907727279,466.27900787555,212.20153294292857,26.1063072,2.2109
95,2005-12-01,263.44395,241.60329572727167,493.9126367448,234.1938074878053,31.766420142857243,2.2809
96,2006-01-01,257.542425,281.50862918181735,485.0729981524875,232.9847376395,36.6894542,2.2666
97,2006-02-01,247.710825,257.14758205,462.7511213551854,230.84382701347707,38.97021578947375,2.1587
98,2006-03-01,240.89832,244.68818400000066,457.9308541080006,225.94083859285746,36.77450400000004,2.1528
99,2006-04-01,239.5708575,245.44973375,444.5652795678586,229.64401023473673,37.16222626315796,2.1281
100,2006-05-01,244.09125000000003,237.86326765217325,471.59663447839057,240.02237284535684,36.66891622727263,2.1697
101,2006-06-01,251.24680999999998,232.01427259090806,486.9822254394683,246.55107377382637,35.28947218181816,2.2493
102,2006-07-01,251.9280375,229.76628976190463,475.41193715271373,250.13496675376692,34.6998731,2.1883
103,2006-08-01,253.5171625,240.811669,439.3442479649781,248.45714159749937,27.97485691304347,2.1553
104,2006-09-01,254.72825,238.0932306666674,432.07767722232745,260.7331045962497,26.694436649999997,2.1679
105,2006-10-01,252.936175,237.39668154545492,467.53970494058757,305.2666809107149,24.696207272727253,2.1458
106,2006-11-01,261.354375,263.54318727272823,525.942084603375,353.731347894375,25.288326,2.1555
107,2006-12-01,260.28912,275.65775466666787,522.52739204211,345.163850102501,25.119403400000003,2.1476
108,2007-01-01,254.90879999999999,266.5466379130436,546.9421104191999,353.0460565822547,23.307321599999998,2.1376
109,2007-02-01,247.86541250000002,255.52280480000005,582.1850474902454,371.4262118035531,22.135829157894694,2.0939
110,2007-03-01,247.25472,244.50575781818105,578.3751799321611,354.14074217275476,21.649026409090943,2.0883
111,2007-04-01,238.80227499999998,232.8533056190478,548.9504379941925,309.8705766883565,19.477738799999997,2.0302
112,2007-05-01,231.33735000000001,224.7953509565215,561.7679039529146,317.6520356507134,18.02371090909092,1.9836
113,2007-06-01,229.94369999999998,230.57767842857098,585.15710952825,317.9353561626786,17.894018142857142,1.9323
114,2007-07-01,221.041,221.29154163636397,589.7115252624,276.9434941552623,18.6158177142857,1.8812
115,2007-08-01,232.3008,241.62200608695574,606.270810367173,296.3224015714291,18.860791304347824,1.962
116,2007-09-01,224.946975,243.57715005,661.1663539109724,304.60584757263086,18.739657421052637,1.9023
117,2007-10-01,208.4243625,241.54898708695583,644.659192726546,295.19203837322965,17.977615478260866,1.7987
118,2007-11-01,207.893454,231.54421363636442,687.350913149225,302.341226580839,17.4852424,1.7669
119,2007-12-01,213.33139999999997,246.4341085714283,755.2837382753249,321.84168227773074,18.648762947368446,1.7852
120,2008-01-01,214.86657499999998,247.6258399999997,817.6976373527499,365.8156424565784,20.64901666666665,1.771
121,2008-02-01,220.79330000000002,271.95358666666704,878.7052800127875,380.4622965000002,23.5273675,1.729
122,2008-03-01,182.3503,255.0177938095235,847.13572220865,399.77941314928523,22.005938500000003,1.709
123,2008-04-01,174.953625,237.27007499999925,814.1310381558369,415.91217273374997,21.11707500000005,1.6863
124,2008-05-01,205.9857,235.57937090909033,811.154548904875,403.89744646821504,18.135302619047614,1.6585
125,2008-06-01,209.51805,236.45531457142886,893.844690271575,464.55097749755333,19.52034871428572,1.6179
126,2008-07-01,211.47,234.29756086956502,881.0973495807954,424.75491198979654,21.00028636363641,1.59
127,2008-08-01,218.52085,236.14458919047584,759.690326230725,379.24167189333383,22.0640398571429,1.6127
128,2008-09-01,233.32114,258.328497818182,781.4332352982999,421.82733550866044,25.280320619047632,1.8031
129,2008-10-01,252.81425000000073,269.5431521739128,738.8898707404575,399.1768770056113,25.522441304347872,2.181
130,2008-11-01,261.096,276.7299744,747.2715719165043,373.0367102369747,26.855247157894784,2.2704
131,2008-12-01,266.48825,284.55477339130323,763.6876036838518,380.6525276482507,27.115928,2.3954
132,2009-01-01,263.3890875,294.96640472727336,841.73259419298,399.94783037000053,28.257927600000006,2.3079
133,2009-02-01,248.851375,300.7855245,792.77396824721,379.578108278373,30.9240205263158,2.323
134,2009-03-01,260.27173750000003,297.66517200000004,772.7849429634881,381.1768600101789,29.94296190909087,2.3161
135,2009-04-01,254.41185000000002,297.53671109090953,824.837182783325,371.8067409174833,29.669320095238078,2.2027
136,2009-05-01,247.44044000000002,311.3536869523811,873.8103683500013,372.5472619023569,31.9976074,2.0689
137,2009-06-01,239.19402499999998,293.36177881818253,871.7888642992781,351.3606861874997,32.46557554545456,1.9586
138,2009-07-01,239.6672,272.32731826087047,769.4259583370178,293.39953355428605,34.41262545454555,1.9328
139,2009-08-01,228.81719999999999,276.3556428571433,754.6490551593,280.5525737198978,40.079916,1.8453
140,2009-09-01,225.7461375,270.09513699999997,634.820921959575,273.88311267858865,42.6511131428572,1.8187
141,2009-10-01,209.4049,268.615695545455,616.6840650999484,290.69765721857067,40.24902781818184,1.7378
142,2009-11-01,215.85,262.83705028571393,640.1371744832401,296.4688603700748,39.3175092,1.7268
143,2009-12-01,222.3516,276.5282029565213,664.0773361404961,288.20412463071403,43.59969490909095,1.7508
144,2010-01-01,238.5250875,282.67688614285663,639.5708094120941,298.1418934445871,39.028607368420985,1.7817
145,2010-02-01,261.1035,290.771673,634.8650843645519,298.232622674437,40.48522105263167,1.842
146,2010-03-01,271.57455,293.7194078260867,623.0490241930266,283.7655322814443,32.40294347826084,1.7855
147,2010-04-01,289.4328,297.58355345454464,628.299633024,276.28603787265337,29.66482285714288,1.7568
148,2010-05-01,286.19005,314.52612619047693,633.2489974722976,296.15055323189233,27.403491000000002,1.8142
149,2010-06-01,261.25818333333416,344.42752063636397,628.7889488768999,275.8151515939278,29.40846,1.8042
150,2010-07-01,257.17393863636426,359.4646013636358,656.219036457425,289.9611757533328,31.291841,1.7689
151,2010-08-01,268.23224999999996,372.16565099999997,667.4360827680001,308.86306928517877,32.721936000000056,1.7589
152,2010-09-01,261.995,382.62124636363666,670.4172303765,353.632296061224,38.94624190476189,1.718
153,2010-10-01,260.552575,366.10212447619114,719.236453869325,396.8533481263781,45.365292095238054,1.6837
154,2010-11-01,268.10015,400.03065309090863,787.9594220816,408.123374283625,45.26091776190478,1.7131
155,2010-12-01,293.36859722222266,422.93215456521693,820.2080657550337,424.93562146675146,47.54336136363638,1.6955
156,2011-01-01,310.8290625,441.6756885714281,855.8450997915,444.22060990382687,49.79434210526323,1.6745
157,2011-02-01,306.15934,480.57059640000006,853.2842321489693,488.91642250827044,48.83604463157898,1.6664
158,2011-03-01,311.12280434782633,484.07249434782636,826.6113663544434,481.36650781043403,42.92666,1.6574
159,2011-04-01,305.57689999999997,475.7454602857145,793.9756011910274,504.975764073112,37.8456199,1.5833
160,2011-05-01,297.085763636363,469.6639509090908,804.8073778654,497.9169772971422,35.242560761904784,1.6136
161,2011-06-01,282.7777090909085,435.9547332727271,792.3397588902415,492.32452633257094,39.51537436363643,1.5854
162,2011-07-01,277.75297619047655,418.7834821428578,784.104816796875,470.05032728794686,46.0484375,1.5625
163,2011-08-01,288.74163913043554,431.7851981739135,800.5730807389306,495.43633445394454,46.1007837391305,1.5966
164,2011-09-01,307.7399363636361,480.8208910909099,858.6979436487001,518.2870791528564,46.59618914285709,1.7492
165,2011-10-01,308.53009687499997,438.72249000000085,789.5821725980999,486.56053946892825,46.556360999999946,1.7703
166,2011-11-01,333.48839999999973,437.8239040000005,766.0533810467999,489.9708425259992,43.79827466666658,1.7864
167,2011-12-01,349.59619090909075,434.5751502272722,772.5067912457249,475.44034432976105,43.062964380952394,1.8391
168,2012-01-01,340.81329545454514,423.4141704545452,788.492979099,487.1624597812494,42.876592499999994,1.785
169,2012-02-01,333.2227047619046,384.83380038095237,792.3993194258401,479.87018702857074,40.200588800000006,1.7168
170,2012-03-01,348.9410363636357,361.31473359090893,890.9902901755232,503.9677327914826,42.70692281818179,1.7953
171,2012-04-01,355.7987999999998,354.6010439999992,980.5946902056901,507.9089811757503,41.631899399999995,1.8522
172,2012-05-01,371.04991304347834,365.22663434782675,1031.9533281559095,532.6609939750009,40.145865454545365,1.981
173,2012-06-01,376.0397666666664,345.50403066666735,1069.8346520784999,547.5430975666657,41.164918666666594,2.0482
174,2012-07-01,366.0660363636356,386.5290170909089,1236.9331349627998,675.8544711375503,46.18789714285722,2.0296
175,2012-08-01,371.3702086956527,354.5262949565218,1263.2063875821093,673.7363052032609,41.69626908695655,2.0279
176,2012-09-01,365.348725,362.7684813,1246.911174086025,650.0388001398878,40.95618147368424,2.0269
177,2012-10-01,368.4787978260878,351.7823091304351,1147.8470704182853,652.3098924373023,41.38293556521736,2.0297
178,2012-11-01,396.75735909090855,330.3985285454553,1101.3437098496,664.4834538037974,39.90520933333326,2.0662
179,2012-12-01,406.39857142857227,317.2500785714285,1111.0278342574686,641.4289571715232,39.892155,2.0775
180,2013-01-01,396.2731043478259,318.4875333043482,1066.8765392704997,615.2448443843881,38.22099314285717,2.0281
181,2013-02-01,383.28514750000005,294.8676611,1058.2158752925518,597.0199407254753,35.92235552631578,1.9729
182,2013-03-01,380.5412142857137,297.2492225714281,1063.692708076215,614.2670587101879,36.388243800000005,1.9842
183,2013-04-01,383.574486363636,299.738401863636,1036.1489989821164,559.8374341882135,35.343973954545405,2.0011
184,2013-05-01,365.72883695652155,299.7444660869571,1104.1887178940626,601.5189175875,35.48878954545447,2.0365
185,2013-06-01,378.71495,300.4931973,1217.4467593071001,645.7430321799292,36.8521704,2.1734
186,2013-07-01,397.6303499999992,311.6207277391308,1234.7736685841442,628.2820846028561,38.497591636363545,2.2518
187,2013-08-01,412.6004235294119,316.3686960000002,1165.8315244001994,549.9446636200009,40.36496799999998,2.3408
188,2013-09-01,397.5651785714283,299.4983824285724,1139.3791684579237,469.7785015787676,39.8911779,2.2641
189,2013-10-01,389.6423086956514,281.6184858260872,1034.641172509123,441.5349803700003,41.16575034782614,2.1882
190,2013-11-01,420.8603357142861,280.1413448571423,1094.3688395997788,457.3029735766346,40.74878115,2.2959
191,2013-12-01,436.4539136363626,295.11368536363744,1146.955804980125,463.6776993016672,38.83221066666666,2.3471
192,2014-01-01,447.2337695652164,316.1620667826082,1135.8844343173,474.23021041486356,37.47523752380941,2.3858
193,2014-02-01,452.6428,413.1326152,1181.9841748206945,498.09984171067623,40.17341810526307,2.3792
194,2014-03-01,459.8162047619053,497.7729086666674,1213.704812831125,517.0857717279428,41.59161023809515,2.3251
195,2014-04-01,426.9148863636369,498.9505579545456,1221.597333345625,496.5758919196435,40.66445595238094,2.2325
196,2014-05-01,431.7936363636374,475.4229531818176,1211.920805588375,481.5762367147955,40.484736904761924,2.2195
197,2014-06-01,448.9568571428565,442.4841695238087,1180.613801861,453.0892281367354,40.78889904761913,2.236
198,2014-07-01,506.00550000000004,437.9343425217384,1030.3243321250243,405.45946304325,41.6602769999999,2.2242
199,2014-08-01,587.2174285714289,483.11164261904736,982.226781583125,400.34959986887776,40.20862238095236,2.2685
200,2014-09-01,636.5995431818193,492.1895855454553,862.3341408812249,381.3918700237754,38.67888557142854,2.3379
201,2014-10-01,653.8567500000008,551.8372049999999,868.203016553249,400.1946297053564,40.35710999999989,2.4495
202,2014-11-01,667.53105,534.4741152,968.3536231479434,456.1892775090136,40.53418894736855,2.5527
203,2014-12-01,632.9647804347824,510.90670313043546,1000.7031549430126,472.1417322710364,39.60808531818174,2.6419
204,2015-01-01,611.2870772727266,499.5896176363645,968.1947276280299,460.51456826571314,39.6836625,2.6346
205,2015-02-01,591.217875,503.9289045,1027.470435892342,489.4787249289482,40.8806005263158,2.817
206,2015-03-01,652.7686409090924,504.9357848181815,1129.6334933977237,547.526610635713,40.338431818181846,3.1414
207,2015-04-01,652.3230340909085,498.8974861363628,1085.803602762225,523.7023125158663,39.2764082380953,3.0421
208,2015-05-01,608.8387000000009,484.3553079999996,1075.62815496129,508.4000602807509,38.8244367,3.0562
209,2015-06-01,606.9229409090924,497.1096335,1104.1028996423754,519.0746903846438,37.69400227272739,3.1117
210,2015-07-01,660.0088347826091,498.67692939130296,1202.2349443348348,579.9200228171434,38.35374109090921,3.2288
211,2015-08-01,745.2648,551.6482859999988,1219.92245795385,572.0986537907148,37.526057999999985,3.5154
212,2015-09-01,790.0431636363639,570.4402607272721,1262.8980180768,648.2341819171435,47.37369600000017,3.9032
213,2015-10-01,715.1505454545472,593.8761614545472,1268.8170941131623,664.3975109200011,54.802373818181884,3.8752
214,2015-11-01,670.3570142857159,560.2172757142841,1207.98173651064,628.7926990069159,56.1926294,3.7858
215,2015-12-01,648.5154260869568,576.7341245217411,1254.7221406460992,636.4682824499989,57.29119200000011,3.8808
216,2016-01-01,645.1300857142875,589.8252203809528,1310.7875771752272,653.3526050733072,57.958793052631385,4.0556
217,2016-02-01,679.1394761904769,585.5305531428577,1269.1213352895,633.1814617338576,52.7820216,3.9644
218,2016-03-01,651.5715217391303,582.9205634782606,1209.0071890431816,588.8197158642852,57.06182090909074,3.698
219,2016-04-01,630.3824285714289,549.5390637142856,1260.73969576335,586.0560130262235,53.44421257142844,3.5634
220,2016-05-01,635.3229272727256,549.4352492727256,1375.44951685095,598.3182050747442,59.06737671428566,3.5403
221,2016-06-01,621.1914909090893,566.4093104545464,1442.0351590702426,615.9132716707132,66.19921945454536,3.4234
222,2016-07-01,615.4242499999992,563.0589440000016,1279.7761815562499,530.4721232291264,64.5359547,3.2781
223,2016-08-01,595.5440608695654,537.5730291304345,1188.1978035941536,481.9811722983843,64.21803643478275,3.2086
224,2016-09-01,594.9659181818193,573.5243727272742,1157.8207206663,483.13891861265216,69.46356571428588,3.2532
225,2016-10-01,575.7989714285721,570.0440154285711,1141.60492011945,486.1476062692855,72.9987500000001,3.1854
226,2016-11-01,611.107731818183,614.3748602727288,1229.22416235255,504.97780109700096,69.6363359999999,3.3369
227,2016-12-01,583.5197727272736,542.6131690909089,1258.7185639275,512.2561673091839,63.15582,3.354
228,2017-01-01,563.9226772727266,537.8914612727265,1210.9299912901276,510.4546224267688,65.51667875000001,3.1901
229,2017-02-01,573.31222,516.6363007,1182.8761083159352,506.1127477840662,63.37426036842102,3.1057
230,2017-03-01,594.7689130434775,500.87048478260965,1144.9622881839127,497.20719546894287,56.48129021739128,3.1275
231,2017-04-01,605.434625,488.3467859999999,1091.9366532051704,491.3804790404129,51.218567368421176,3.139
232,2017-05-01,642.1835152173917,480.645,1122.0817331815886,508.2026838016066,50.27255399999997,3.2043
233,2017-06-01,679.3766681818184,471.9761754545445,1119.5426495646261,520.587213598571,44.58676199999999,3.2954
234,2017-07-01,657.3243476190477,479.2792611428566,1169.2298169358799,504.2595004696067,45.1723286,3.1994
235,2017-08-01,595.0710608695666,471.7840523478266,1087.2839569681635,467.58501007821474,43.42732252173901,3.1478
236,2017-09-01,591.0729166666661,459.1006916666661,1108.467085427625,461.46692473750045,43.63885749999999,3.1325
237,2017-10-01,604.8682977272736,449.187081954544,1143.7248818908013,474.7664434130348,45.43223318181823,3.1923
238,2017-11-01,620.3959409090921,459.755958227273,1179.2423511321501,485.49395809180305,48.83473666666677,3.2629
239,2017-12-01,607.3783333333322,452.423897619046,1176.8203111914377,491.2430736125,47.5550875,3.295
240,2018-01-01,603.901630434784,446.00055326087045,1146.084189738,500.72704515484673,44.89524071428569,3.2115
241,2018-02-01,633.3176275,443.01677345,1206.7646342273897,531.3625743235523,44.12055347368432,3.2507
242,2018-03-01,635.8279090909093,442.46527909090935,1252.23008580375,564.239138498468,42.05551714285719,3.279
243,2018-04-01,650.4505857142864,457.95000271428637,1299.7057754686502,598.6061891862748,40.307807571428526,3.4089
244,2018-05-01,682.7408,492.4796970434772,1361.2993452378405,650.7066704049985,42.95192363636354,3.6316
245,2018-06-01,699.7000714285713,505.44149571428744,1281.9814728165,622.7440167872461,45.485442857143,3.771
246,2018-07-01,698.9231045454532,499.1610480454531,1194.643349195875,598.3660580765458,42.63643552380954,3.8221
247,2018-08-01,707.9084934782601,492.491913260868,1245.5140743717461,639.2487995168491,41.123506565217205,3.9333
248,2018-09-01,723.6447875,497.892266,1259.040398542444,636.6225354016179,44.30692331578941,4.1087
249,2018-10-01,633.2547717391293,516.5560150434791,1187.9511087886833,603.1509267551095,49.589285869565394,3.7611
250,2018-11-01,647.4920454545444,519.0898554545445,1220.1582029085,609.0848942710697,48.43195428571447,3.786
251,2018-12-01,711.4018952380945,493.4192562857126,1283.3938909336648,650.4302021494461,48.7502619,3.8834
252,2019-01-01,694.659182608694,479.49187095652235,1246.8579075315,623.2708197346952,47.37096571428579,3.7356
253,2019-02-01,702.42184,478.41407760000004,1245.8231278606113,631.867862113385,48.152571578947544,3.7244
254,2019-03-01,746.4674785714291,475.8188362857126,1264.499296712325,638.7903397078908,47.90816023809515,3.8407
255,2019-04-01,811.8107045454565,471.54819754545633,1263.7491141496002,630.0279087969734,48.85669285714291,3.8974
256,2019-05-01,799.6015760869574,481.1718541304363,1218.6485334152892,683.2655829803589,47.1994875,3.9915
257,2019-06-01,781.2612125,500.17489895,1259.3284888760102,752.5089580947338,47.96298015000001,3.8557
258,2019-07-01,773.278239130433,511.87503782608815,1229.787824489439,715.9742611901797,45.82805250000015,3.7785
259,2019-08-01,821.402090909092,507.89633181818004,1265.426906569636,658.1142866571417,46.4760381818184,4.022
260,2019-09-01,847.0476666666684,530.9800100000012,1328.3472973703626,648.3039916031256,45.965381,4.1195
261,2019-10-01,868.7737500000001,518.6869499999996,1387.524326028748,682.9932444107147,50.857299999999896,4.0825
262,2019-11-01,1073.5816666666653,585.8906208571447,1383.7053208838474,691.3663082902641,52.72463460000001,4.1558
263,2019-12-01,1028.457102272728,640.421403636364,1374.799998028625,685.6937365958053,54.734484761904774,4.1045
264,2020-01-01,882.13,593.3580890434765,1399.285271396,713.2348380591852,58.8086666666668,4.1512
265,2020-02-01,899.2856250000001,589.0206735,1414.6368834174848,733.5327696631597,65.51386578947348,4.347
266,2020-03-01,940.0382500000017,724.7567200000012,1560.3403272239982,792.4397540046443,57.681591,4.8862
267,2020-04-01,1039.1305204545445,822.1855898636387,1648.2709530678999,781.6783570211244,53.446982809524016,5.3171
268,2020-05-01,1211.933914285715,845.4373645714259,1744.4436743076526,812.0129412037501,60.008855399999995,5.6394
269,2020-06-01,1119.279381818183,734.262368,1653.2475309303552,768.1030862450007,61.36933854545445,5.1884
270,2020-07-01,1051.0314782608698,774.0489156521718,1734.6410849680722,804.6708121866064,62.76423818181827,5.2735
271,2020-08-01,1096.0436428571406,891.7561071428595,1816.314025057375,816.955619569983,70.07492142857134,5.4685
272,2020-09-01,1067.727272727274,899.448545454543,1980.8528669999998,899.6536809183655,67.18371428571444,5.4
273,2020-10-01,1069.0626954545482,855.365219318181,2180.2259448098916,1050.61695960375,80.37275222727288,5.6253
274,2020-11-01,1039.438728571427,821.1864309523837,2285.985700533045,1038.563329819549,81.3606947,5.4482
275,2020-12-01,972.9075065217396,812.6187859565209,2282.472521470577,1024.744072799746,75.46105650000015,5.1447
276,2021-01-01,1057.869271428571,863.1666301428583,2706.7944266334334,1243.8957210273475,85.42764173684218,5.3673
277,2021-02-01,1107.67605,900.9134627999999,2748.916461063981,1329.2332190731559,92.02724905263172,5.4132
278,2021-03-01,1156.7880282608687,941.3483550869544,2929.5725326884794,1384.8841867856827,89.06643056521715,5.6351
279,2021-04-01,1251.9225272727283,939.1367964545434,2992.667916830929,1495.8509684407154,90.42080542857116,5.5686
280,2021-05-01,1268.1963238095238,985.4934925714279,3049.3910053760997,1608.273409462313,90.92305733333316,5.2852
281,2021-06-01,1241.9252159090922,965.7965668181794,2702.0933154474706,1470.955560141963,86.56105613636359,5.0285
282,2021-07-01,1267.988431818181,1055.4496419090906,2702.20476284745,1437.0863892903576,91.42765766666665,5.1611
283,2021-08-01,1297.1446318181838,1135.9999987272704,2645.5550397800043,1349.0248386430367,101.73889218181837,5.2487
284,2021-09-01,1315.79075,1190.6088631818172,2478.17447662425,1244.8705712535736,101.69616428571422,5.279
285,2021-10-01,1392.5249142857126,1335.9319839999982,2504.9244072605998,1327.780941632244,108.72091428571419,5.5416
286,2021-11-01,1438.7647636363608,1441.6797425454556,2530.5360941829,1384.8402888304308,109.92309314285727,5.5668
287,2021-12-01,1475.5601021739146,1517.3743996956543,2679.34823403135,1496.1346876623613,108.38901054545438,5.6549
288,2022-01-01,1451.7566666666696,1499.0803000000024,2844.900446661,1530.2570555250015,102.08932999999999,5.53
289,2022-02-01,1402.9182,1454.6864664000002,3034.269760284002,1521.4240092857156,94.62729599999979,5.1984
290,2022-03-01,1370.0245565217392,1288.8551452173936,3071.4256543057027,1671.7254566612437,95.08818573913032,4.9764
291,2022-04-01,1289.9953928571438,1261.886059285714,2939.062604121675,1657.0467890300904,93.66306171428562,4.7547
292,2022-05-01,1335.5455909090902,1292.2204197727249,3061.8556045480072,1711.2674899811527,95.66223045454551,4.9615
293,2022-06-01,1326.7420568181813,1381.8767072727255,3135.6220437215625,1694.599377360474,94.86693268181811,5.0477
294,2022-07-01,1383.0783857142849,1373.7581680000017,3065.25010333245,1678.53973767268,98.452788,5.3682
295,2022-08-01,1295.6042956521762,1380.112471652176,2965.1069611771704,1510.9218346321277,92.84903373913055,5.1404
296,2022-09-01,1293.1432636363618,1402.6224812727285,2818.7075631622097,1638.8668762100656,95.35963290909098,5.2436
